probe,n_params,fold,epoch,train_loss,r2_mean,elapsed_s,r2_swi,r2_tango,r2_net_charge,r2_pI,r2_iupred3,r2_iupred3_fraction_disordered,r2_shannon_entropy,r2_hydrophobic_patch_total_area,r2_hydrophobic_patch_n_large,r2_sap,r2_scm_positive,r2_scm_negative,r2_rg
linear,117,0,0,0.9418116293428059,0.09956645507078904,3.9024839401245117,0.0886043906211853,0.05666208267211914,0.09479749202728271,0.11425167322158813,0.18392246961593628,0.08168643712997437,0.294126033782959,0.0285261869430542,0.0175398588180542,0.02044731378555298,0.1730460524559021,0.12824678421020508,0.012507140636444092
linear,117,0,1,0.8720655917034179,0.1344833098925077,2.875598192214966,0.11781167984008789,0.07891333103179932,0.1361953616142273,0.15115922689437866,0.24685972929000854,0.11206316947937012,0.39076387882232666,0.036920368671417236,0.02580583095550537,0.03292989730834961,0.23635482788085938,0.16731864213943481,0.015187084674835205
linear,117,0,2,0.8470767165440402,0.14877296869571394,2.6890223026275635,0.12908905744552612,0.08679038286209106,0.15294581651687622,0.1662386655807495,0.27826982736587524,0.1277194619178772,0.4255024194717407,0.041041553020477295,0.02963852882385254,0.0394248366355896,0.26046431064605713,0.18131226301193237,0.015611469745635986
linear,117,0,3,0.8365156015973542,0.1552381423803476,2.8516299724578857,0.13327378034591675,0.09067916870117188,0.15885645151138306,0.17225724458694458,0.29545289278030396,0.1350589394569397,0.440302312374115,0.04261672496795654,0.03229576349258423,0.04306381940841675,0.2721153497695923,0.18654167652130127,0.015581727027893066
linear,117,0,4,0.8311247065202477,0.15915007774646467,2.5915186405181885,0.13530635833740234,0.09274929761886597,0.16400176286697388,0.17934012413024902,0.30449795722961426,0.14023911952972412,0.44768738746643066,0.04450714588165283,0.0339888334274292,0.045613110065460205,0.27650076150894165,0.18934005498886108,0.015179097652435303
linear,117,0,5,0.8285631959065854,0.16080331802368164,2.683993339538574,0.13559621572494507,0.09416741132736206,0.1651226282119751,0.18024474382400513,0.3097224235534668,0.1428607702255249,0.4515920877456665,0.04505777359008789,0.03506112098693848,0.046728670597076416,0.2795218825340271,0.19035744667053223,0.014409959316253662
linear,117,0,6,0.827007457034915,0.1620543278180636,3.0982446670532227,0.13700413703918457,0.09573149681091309,0.165485680103302,0.1817963719367981,0.31146347522735596,0.14408671855926514,0.45329880714416504,0.04597562551498413,0.03558957576751709,0.047673702239990234,0.2806364893913269,0.19194793701171875,0.016016244888305664
linear,117,0,7,0.8260602943486963,0.16297470147793108,3.0870585441589355,0.13667112588882446,0.09591531753540039,0.16704082489013672,0.18356770277023315,0.31543833017349243,0.1458459496498108,0.45467597246170044,0.04626983404159546,0.035876452922821045,0.047669053077697754,0.28139954805374146,0.19244354963302612,0.015857458114624023
linear,117,0,8,0.8256186428852822,0.16312656035790077,2.881812810897827,0.1374732255935669,0.0958370566368103,0.16802000999450684,0.1843460202217102,0.31370794773101807,0.14535421133041382,0.4558902382850647,0.04655855894088745,0.03652489185333252,0.04847574234008789,0.2808627486228943,0.19196081161499023,0.015633821487426758
linear,117,0,9,0.8248489387185681,0.1619579975421612,2.750612497329712,0.13654053211212158,0.09572845697402954,0.1682080626487732,0.1843985915184021,0.3169037103652954,0.14208447933197021,0.45650267601013184,0.04223513603210449,0.031874239444732666,0.04620516300201416,0.2804880142211914,0.1910538673400879,0.013231039047241211
linear,117,0,10,0.8249696699590744,0.16386935802606437,2.9584317207336426,0.13733363151550293,0.09646785259246826,0.16837728023529053,0.18491363525390625,0.3173414468765259,0.14688926935195923,0.45606768131256104,0.046937644481658936,0.03657722473144531,0.048835694789886475,0.2818604111671448,0.1929638385772705,0.015736043453216553
linear,117,0,11,0.8246966054829976,0.16349374330960786,2.8914437294006348,0.1366444230079651,0.09663718938827515,0.16711735725402832,0.18270772695541382,0.3182995319366455,0.14670628309249878,0.4563710689544678,0.04595237970352173,0.03665989637374878,0.04849308729171753,0.28151750564575195,0.19293731451034546,0.015374898910522461
linear,117,0,12,0.8248626092518255,0.16400936475166908,3.052004337310791,0.13745170831680298,0.09607583284378052,0.1683950424194336,0.18512487411499023,0.3182961940765381,0.14696449041366577,0.456787645816803,0.04701966047286987,0.037049174308776855,0.04893392324447632,0.28156131505966187,0.19282466173171997,0.015637218952178955
linear,117,0,13,0.8251112463288038,0.16377381178048941,3.055446147918701,0.13719195127487183,0.09634566307067871,0.16797059774398804,0.18469876050949097,0.3183947801589966,0.1469082236289978,0.4558980464935303,0.046534180641174316,0.036196768283843994,0.04884028434753418,0.28139829635620117,0.19294381141662598,0.015738189220428467
linear,117,0,14,0.824482312273828,0.1638918289771447,2.9537746906280518,0.13753879070281982,0.09606683254241943,0.168265700340271,0.18535125255584717,0.31656283140182495,0.1468304991722107,0.457460880279541,0.046643733978271484,0.03660839796066284,0.0483054518699646,0.28235793113708496,0.19274383783340454,0.01585763692855835
linear,117,0,15,0.8244587620343602,0.1633377350293673,2.8315234184265137,0.13723671436309814,0.09392589330673218,0.1685047745704651,0.1853877305984497,0.3188698887825012,0.147136390209198,0.45664310455322266,0.046165406703948975,0.03677535057067871,0.04763376712799072,0.2801274061203003,0.1914575695991516,0.013526558876037598
linear,117,0,16,0.8244113786697009,0.16378948780206534,2.7156128883361816,0.13765627145767212,0.09498834609985352,0.1684308648109436,0.1851176619529724,0.31836801767349243,0.14706319570541382,0.45643073320388794,0.04706627130508423,0.03706091642379761,0.04892683029174805,0.28004157543182373,0.19224286079406738,0.01586979627609253
mlp_h32_L1,717,0,0,0.8864063586889043,0.15688335437041062,2.991612195968628,0.13700348138809204,0.08931076526641846,0.15997833013534546,0.1805667281150818,0.3286285996437073,0.14313888549804688,0.46196067333221436,0.03141146898269653,0.02728968858718872,0.03418391942977905,0.2688753604888916,0.17066699266433716,0.006468713283538818
mlp_h32_L1,717,0,1,0.8251822664565647,0.1747599610915551,3.121175765991211,0.13908010721206665,0.09599095582962036,0.1759764552116394,0.19869941473007202,0.3379533290863037,0.14676004648208618,0.5155843496322632,0.05218374729156494,0.04448962211608887,0.058378398418426514,0.2936705946922302,0.19776582717895508,0.015346646308898926
mlp_h32_L1,717,0,2,0.8154525528650828,0.18223994511824387,3.3631198406219482,0.13854891061782837,0.09780919551849365,0.1871201992034912,0.20872151851654053,0.3437155485153198,0.14857369661331177,0.5479356050491333,0.05910813808441162,0.054586172103881836,0.06704342365264893,0.2978564500808716,0.20379793643951416,0.014302492141723633
mlp_h32_L1,717,0,3,0.8084131196720273,0.18851410425626314,3.3355045318603516,0.1407729983329773,0.09972363710403442,0.19161558151245117,0.2177220582962036,0.34445351362228394,0.15148913860321045,0.5673128962516785,0.0700005292892456,0.06699472665786743,0.08077168464660645,0.2971740961074829,0.20543336868286133,0.017219126224517822
mlp_h32_L1,717,0,4,0.8029551597092002,0.19399192241521981,3.3792006969451904,0.14114892482757568,0.10057169198989868,0.19845664501190186,0.22668612003326416,0.34662890434265137,0.15326231718063354,0.594910740852356,0.07481378316879272,0.07268744707107544,0.08478868007659912,0.30055052042007446,0.21023762226104736,0.017151594161987305
mlp_h32_L1,717,0,5,0.800194716141585,0.19798018382145807,3.4116971492767334,0.1417819857597351,0.10282516479492188,0.19657176733016968,0.22892653942108154,0.3486759066581726,0.15659070014953613,0.6037129163742065,0.08384072780609131,0.0809091329574585,0.09888291358947754,0.2978780269622803,0.2133583426475525,0.019788265228271484
mlp_h32_L1,717,0,6,0.7974129361850132,0.19976651668548584,3.4554238319396973,0.14186131954193115,0.10008829832077026,0.20049691200256348,0.23239827156066895,0.3464241027832031,0.15856754779815674,0.6069762110710144,0.0852663516998291,0.08269840478897095,0.10158544778823853,0.3052263855934143,0.2150776982307434,0.020297765731811523
mlp_h32_L1,717,0,7,0.7964363239475132,0.20179964487369245,3.4114627838134766,0.14287221431732178,0.10298806428909302,0.20342421531677246,0.23248469829559326,0.3477506637573242,0.16121327877044678,0.6134828329086304,0.08683139085769653,0.08500832319259644,0.10592907667160034,0.30365854501724243,0.21609151363372803,0.021660566329956055
mlp_h32_L1,717,0,8,0.7951257690066482,0.20231014948624831,3.352959394454956,0.1428234577178955,0.10432517528533936,0.20241904258728027,0.23644763231277466,0.3470553159713745,0.16264599561691284,0.6191520690917969,0.08611512184143066,0.08649194240570068,0.1060146689414978,0.30436277389526367,0.21151763200759888,0.020661115646362305
mlp_h32_L1,717,0,9,0.7932573910521951,0.20544905387438261,3.284712076187134,0.1432933211326599,0.10054129362106323,0.2084844708442688,0.23914426565170288,0.3522148132324219,0.1653183102607727,0.6211259365081787,0.09363812208175659,0.09173989295959473,0.11991238594055176,0.29881393909454346,0.2154596447944641,0.021151304244995117
mlp_h32_L1,717,0,10,0.7917942264479932,0.2057038087111253,3.3479714393615723,0.14374911785125732,0.10712087154388428,0.2042090892791748,0.2334771752357483,0.348013699054718,0.16858410835266113,0.6171790957450867,0.09459662437438965,0.09189313650131226,0.12039560079574585,0.3039449453353882,0.218941330909729,0.022044718265533447
mlp_h32_L1,717,0,11,0.7904026616869891,0.2047540178665748,3.095914602279663,0.14476436376571655,0.10824239253997803,0.20785224437713623,0.2367979884147644,0.35305482149124146,0.16805672645568848,0.6131905317306519,0.08659422397613525,0.08339589834213257,0.11307942867279053,0.30458033084869385,0.21999651193618774,0.02219676971435547
mlp_h32_L1,717,0,12,0.7897266138176612,0.20892738837462205,3.2343087196350098,0.1425139307975769,0.10630017518997192,0.20883828401565552,0.2400873303413391,0.35204017162323,0.17081314325332642,0.6291537284851074,0.09504693746566772,0.0915575623512268,0.1250273585319519,0.3070554733276367,0.2235998511314392,0.02402210235595703
mlp_h32_L1,717,0,13,0.7896684277256172,0.2105577542231633,3.296535015106201,0.14512932300567627,0.10795056819915771,0.208329439163208,0.24023646116256714,0.35343754291534424,0.17209023237228394,0.6309865713119507,0.09803366661071777,0.09635549783706665,0.12770944833755493,0.30878323316574097,0.22420918941497803,0.02399963140487671
mlp_h32_L1,717,0,14,0.7891903846605158,0.2109798789024353,2.9677488803863525,0.14525800943374634,0.11163508892059326,0.20538145303726196,0.24044227600097656,0.3529753088951111,0.17356842756271362,0.6375670433044434,0.09768140316009521,0.0939779281616211,0.12832307815551758,0.30948400497436523,0.2218201756477356,0.024624228477478027
mlp_h32_L1,717,0,15,0.7868763692706563,0.20681243217908418,2.933897018432617,0.14617758989334106,0.10803472995758057,0.20817357301712036,0.2384015917778015,0.355790376663208,0.17463475465774536,0.6150165796279907,0.09513485431671143,0.09410011768341064,0.1274871826171875,0.29288214445114136,0.21333658695220947,0.019391536712646484
mlp_h32_L1,717,0,16,0.7868876791870093,0.21412797157581037,2.942927122116089,0.14582782983779907,0.11467349529266357,0.20990127325057983,0.2411983609199524,0.3551904559135437,0.17531776428222656,0.639968752861023,0.10348749160766602,0.10048675537109375,0.13775986433029175,0.3093699812889099,0.22817689180374146,0.0223047137260437
mlp_h32_L1,717,0,17,0.7845744023174874,0.21011938498570368,2.927643060684204,0.14680594205856323,0.10465210676193237,0.20299947261810303,0.23846536874771118,0.35588157176971436,0.17727690935134888,0.644791841506958,0.09651201963424683,0.09733790159225464,0.1331768035888672,0.30375075340270996,0.21144455671310425,0.018456757068634033
mlp_h32_L1,717,0,18,0.7842801782545544,0.20792245864868164,2.992121696472168,0.14548367261886597,0.11027228832244873,0.20694297552108765,0.2359302043914795,0.3576647639274597,0.17721116542816162,0.6213060617446899,0.10198485851287842,0.10034090280532837,0.13648861646652222,0.2857099771499634,0.208917498588562,0.014738976955413818
mlp_h32_L1,717,0,19,0.7840572766823772,0.21607964772444505,2.969420909881592,0.1475394368171692,0.11528027057647705,0.208238422870636,0.24019289016723633,0.3579159379005432,0.17751193046569824,0.6459307670593262,0.10658669471740723,0.10424846410751343,0.14297062158584595,0.3091890811920166,0.22919869422912598,0.024232208728790283
mlp_h64_L1,1421,0,0,0.8628820984090348,0.16865951739824736,3.0608088970184326,0.13761216402053833,0.09253567457199097,0.17479687929153442,0.18977844715118408,0.3362886309623718,0.14970356225967407,0.4773724675178528,0.04929351806640625,0.039584994316101074,0.0466342568397522,0.28422361612319946,0.19776368141174316,0.016985833644866943
mlp_h64_L1,1421,0,1,0.8182987524322061,0.17849022150039673,3.0273451805114746,0.13542258739471436,0.09547072649002075,0.18499958515167236,0.20454621315002441,0.3436339497566223,0.1539846658706665,0.5220429301261902,0.06146782636642456,0.05349487066268921,0.06372511386871338,0.28400111198425293,0.20018142461776733,0.01740187406539917
mlp_h64_L1,1421,0,2,0.8077617036171323,0.18709079577372625,2.8773045539855957,0.14112871885299683,0.09440743923187256,0.19074678421020508,0.21709877252578735,0.34286773204803467,0.1578737497329712,0.5710462331771851,0.06717479228973389,0.06107360124588013,0.0704088807106018,0.29275619983673096,0.20723778009414673,0.018359661102294922
mlp_h64_L1,1421,0,3,0.8013988729155697,0.19144646938030535,2.8739516735076904,0.13928961753845215,0.09773606061935425,0.1978340744972229,0.22424417734146118,0.33540600538253784,0.15961521863937378,0.5893054008483887,0.07410264015197754,0.07028782367706299,0.07919913530349731,0.29833686351776123,0.2054925560951233,0.017954528331756592
mlp_h64_L1,1421,0,4,0.7987892077283004,0.1976746183175307,2.7880165576934814,0.14264917373657227,0.10279643535614014,0.20204532146453857,0.23024046421051025,0.3501623272895813,0.16536277532577515,0.6014429926872253,0.07836407423019409,0.07413220405578613,0.08787322044372559,0.30188196897506714,0.21386921405792236,0.01894986629486084
mlp_h64_L1,1421,0,5,0.7960382569211991,0.1970948760326092,2.8322653770446777,0.14222705364227295,0.0950859785079956,0.20248162746429443,0.23308104276657104,0.35101836919784546,0.16792845726013184,0.6117395162582397,0.07944613695144653,0.0768272876739502,0.09321773052215576,0.2941080927848816,0.2033115029335022,0.011760592460632324
mlp_h64_L1,1421,0,6,0.7947306110923201,0.20232965854498056,2.911198377609253,0.14395707845687866,0.10471189022064209,0.20429348945617676,0.23495995998382568,0.35049885511398315,0.16907763481140137,0.6134030818939209,0.08312058448791504,0.0813019871711731,0.10089766979217529,0.3051813840866089,0.2175377607345581,0.02134418487548828
mlp_h64_L1,1421,0,7,0.79138594745857,0.20190599331488976,2.9146597385406494,0.1440598964691162,0.1036633849143982,0.2039865255355835,0.23224258422851562,0.34271419048309326,0.16745197772979736,0.6200332641601562,0.08830380439758301,0.0860830545425415,0.10683190822601318,0.29237258434295654,0.21834367513656616,0.018691062927246094
mlp_h64_L1,1421,0,8,0.7918721499965835,0.20279300212860107,3.0038046836853027,0.143257737159729,0.10200625658035278,0.20485156774520874,0.23410087823867798,0.3512558341026306,0.1718319058418274,0.6088683009147644,0.08521825075149536,0.0837441086769104,0.1125287413597107,0.2994301915168762,0.22098559141159058,0.018229663372039795
mlp_h64_L1,1421,0,9,0.7908192830637369,0.20722497426546538,3.272406578063965,0.14477205276489258,0.10708349943161011,0.20359593629837036,0.23146337270736694,0.35499298572540283,0.1752249002456665,0.62394118309021,0.09581565856933594,0.09276676177978516,0.1247522234916687,0.29645097255706787,0.22175097465515137,0.021314144134521484
mlp_h64_L1,1421,0,10,0.7888181570394468,0.2053543237539438,3.3501651287078857,0.14301270246505737,0.10377418994903564,0.204048752784729,0.2302761673927307,0.35494357347488403,0.17599308490753174,0.6235631704330444,0.09022462368011475,0.08961695432662964,0.11955207586288452,0.29426950216293335,0.21864092350006104,0.0216904878616333
mlp_h64_L1,1421,0,11,0.7881330336893863,0.20890411046835092,3.1888558864593506,0.14615380764007568,0.10781800746917725,0.20734572410583496,0.23854172229766846,0.3537769913673401,0.17461031675338745,0.6270442008972168,0.09191429615020752,0.09047770500183105,0.1246681809425354,0.30565983057022095,0.22497308254241943,0.022769570350646973
mlp_h64_L1,1421,0,12,0.7862918342948906,0.1987210878959069,3.403413772583008,0.14601880311965942,0.10468852519989014,0.19486606121063232,0.21671706438064575,0.35183942317962646,0.17289501428604126,0.6215987801551819,0.07825595140457153,0.07801467180252075,0.10201334953308105,0.28535914421081543,0.22244113683700562,0.00866621732711792
mlp_h64_L1,1421,0,13,0.7860860475158049,0.21053778666716355,3.236055850982666,0.1470082402229309,0.11001765727996826,0.20960253477096558,0.23951566219329834,0.354411244392395,0.17823362350463867,0.6300740242004395,0.09563994407653809,0.09284687042236328,0.1262894868850708,0.30706584453582764,0.22560369968414307,0.02068239450454712
mlp_h64_L1,1421,0,14,0.7865247390012151,0.2119026963527386,3.031491994857788,0.14649862051010132,0.10996490716934204,0.20549899339675903,0.23899304866790771,0.3557242155075073,0.17968988418579102,0.6332393884658813,0.09995859861373901,0.09685790538787842,0.13451790809631348,0.30659371614456177,0.22548389434814453,0.021713972091674805
mlp_h64_L1,1421,0,15,0.7850483287950057,0.20956618969257063,3.366194248199463,0.1466190218925476,0.10792112350463867,0.2060512900352478,0.2379598617553711,0.3512478470802307,0.16411620378494263,0.6263063549995422,0.09977346658706665,0.09619545936584473,0.13354456424713135,0.3083494305610657,0.2225484848022461,0.023727357387542725
mlp_h64_L1,1421,0,16,0.7849654091919442,0.21148349230106062,3.3433260917663574,0.14556455612182617,0.10394883155822754,0.21015459299087524,0.2415981888771057,0.35729801654815674,0.1801130771636963,0.634245753288269,0.09665441513061523,0.09182536602020264,0.12790900468826294,0.3094356656074524,0.22681331634521484,0.023724615573883057
mlp_h64_L1,1421,0,17,0.7848846098019621,0.21381648228718683,3.546269416809082,0.14727240800857544,0.11230486631393433,0.2096550464630127,0.2411419153213501,0.35684502124786377,0.1795632243156433,0.6367166042327881,0.10060125589370728,0.09703481197357178,0.13617604970932007,0.3095054626464844,0.22775369882583618,0.025043904781341553
mlp_h64_L1,1421,0,18,0.7837435083314599,0.21317210564246544,3.398463010787964,0.1465776562690735,0.10978072881698608,0.2093794345855713,0.23854738473892212,0.3594570755958557,0.17940455675125122,0.6328446865081787,0.10188913345336914,0.09804153442382812,0.13713443279266357,0.3087790608406067,0.22554707527160645,0.023854613304138184
mlp_h64_L1,1421,0,19,0.7830898071403639,0.20475111557887152,3.3864221572875977,0.1469205617904663,0.10326170921325684,0.19995653629302979,0.22947591543197632,0.3520883321762085,0.1764126420021057,0.6273710131645203,0.08348220586776733,0.08261555433273315,0.1245918869972229,0.30129462480545044,0.22348105907440186,0.010812461376190186
mlp_h128_L2,19341,0,0,0.8348717133527138,0.19411486845750076,3.604792833328247,0.1371842622756958,0.09903085231781006,0.2005649209022522,0.22474336624145508,0.3487005829811096,0.1716904640197754,0.6047096848487854,0.07400721311569214,0.07572460174560547,0.09980100393295288,0.26974838972091675,0.20199930667877197,0.015588641166687012
mlp_h128_L2,19341,0,1,0.793004884045574,0.21162670850753784,3.7091968059539795,0.14257603883743286,0.11821699142456055,0.20793360471725464,0.23621010780334473,0.3409789204597473,0.18767452239990234,0.6319683790206909,0.09791576862335205,0.09522974491119385,0.12712091207504272,0.30980539321899414,0.22846955060958862,0.027047276496887207
mlp_h128_L2,19341,0,2,0.7848021321347268,0.21150294175514808,3.4633102416992188,0.14334917068481445,0.12085539102554321,0.19269925355911255,0.23343753814697266,0.3362083435058594,0.15940743684768677,0.6431400775909424,0.11075127124786377,0.10234928131103516,0.15099340677261353,0.30966246128082275,0.21997350454330444,0.026711106300354004
mlp_h128_L2,19341,0,3,0.775049358499986,0.22844428741014922,3.696427822113037,0.1515188217163086,0.13148504495620728,0.2155129313468933,0.24961644411087036,0.3241215944290161,0.14023077487945557,0.6599599123001099,0.15374743938446045,0.14658880233764648,0.21734517812728882,0.3097723722457886,0.23488980531692505,0.03498661518096924
mlp_h128_L2,19341,0,4,0.764744915765349,0.23955254371349627,3.677067995071411,0.15995275974273682,0.1273687481880188,0.21625226736068726,0.25088411569595337,0.35660624504089355,0.17943507432937622,0.6626557111740112,0.16669058799743652,0.15669035911560059,0.24317246675491333,0.3202856779098511,0.2356550097465515,0.03853404521942139
mlp_h128_L2,19341,0,5,0.7580007203366433,0.21055148198054388,3.653395175933838,0.15832197666168213,0.10693854093551636,0.20013725757598877,0.24395567178726196,0.35653430223464966,0.16881990432739258,0.5635516047477722,0.123546302318573,0.12308722734451294,0.19765019416809082,0.2795291543006897,0.19859308004379272,0.01650404930114746
mlp_h128_L2,19341,0,6,0.7550067167247599,0.24537732509466317,3.601696252822876,0.1655098795890808,0.14234167337417603,0.21974414587020874,0.2530922293663025,0.3811754584312439,0.2014397382736206,0.6701048016548157,0.15623754262924194,0.14911383390426636,0.23492300510406494,0.3147658109664917,0.25463157892227173,0.046825528144836426
mlp_h128_L2,19341,0,7,0.754930465698573,0.24937888292165902,3.5797080993652344,0.16675090789794922,0.1421768069267273,0.21784305572509766,0.25162452459335327,0.3821626305580139,0.20047909021377563,0.6602882146835327,0.17199593782424927,0.1629146933555603,0.2573925256729126,0.324134886264801,0.2549746632575989,0.049187541007995605
mlp_h128_L2,19341,0,8,0.7526450680655964,0.25269927886816174,3.49527645111084,0.1673579216003418,0.13965046405792236,0.230682373046875,0.2604023218154907,0.38775283098220825,0.1983153223991394,0.6669561862945557,0.17424947023391724,0.16619420051574707,0.25921690464019775,0.3272891044616699,0.2568109631538391,0.050212562084198
mlp_h128_L2,19341,0,9,0.7511767722506735,0.25602203149061936,3.573214054107666,0.16303563117980957,0.14530080556869507,0.22627800703048706,0.2587525248527527,0.38928091526031494,0.20266324281692505,0.6622352600097656,0.18948036432266235,0.1805933713912964,0.2747209668159485,0.3244171142578125,0.256115198135376,0.055413007736206055
mlp_h128_L2,19341,0,10,0.7489767067347085,0.2522482734460097,3.603752851486206,0.16364651918411255,0.15281254053115845,0.22240763902664185,0.2551901340484619,0.3855816125869751,0.16725873947143555,0.6563335657119751,0.1910165548324585,0.17860227823257446,0.2726547122001648,0.32892072200775146,0.25079619884490967,0.054006338119506836
mlp_h128_L2,19341,0,11,0.7485464709581221,0.25523727673750657,3.570072889328003,0.16227519512176514,0.14967846870422363,0.22655242681503296,0.25471049547195435,0.3890647888183594,0.20736145973205566,0.6618866920471191,0.1831253170967102,0.1730126142501831,0.26237744092941284,0.32943350076675415,0.2602475881576538,0.058358609676361084
mlp_h128_L2,19341,0,12,0.7458298417025384,0.24873483639497024,3.6965134143829346,0.16162776947021484,0.14726006984710693,0.20783120393753052,0.2366822361946106,0.37542736530303955,0.20030206441879272,0.6611019968986511,0.17729592323303223,0.16512662172317505,0.2579847574234009,0.32222557067871094,0.26049667596817017,0.06019061803817749
mlp_h128_L2,19341,0,13,0.74656415876654,0.2501203738726102,3.5520687103271484,0.16042006015777588,0.13176953792572021,0.2276948094367981,0.2580503225326538,0.38436371088027954,0.19827574491500854,0.6632372736930847,0.18511128425598145,0.17551302909851074,0.2533302903175354,0.31608396768569946,0.24876445531845093,0.048950374126434326
per_res_mlp_h64_L1,1421,0,0,0.8991394074992657,0.1607354971078726,3.142932415008545,0.1785297989845276,0.06054133176803589,0.20014327764511108,0.22163808345794678,0.2929607033729553,0.11835533380508423,0.45400112867355347,0.02843266725540161,0.0283927321434021,0.04188352823257446,0.33286798000335693,0.13268250226974487,-0.0008676052093505859
per_res_mlp_h64_L1,1421,0,1,0.8020498012971726,0.19639915227890015,3.154165029525757,0.2059299349784851,0.03312242031097412,0.32421302795410156,0.33601218461990356,0.4072781801223755,0.18641501665115356,0.5164874196052551,-0.026905298233032227,0.008823394775390625,0.030747532844543457,0.40114372968673706,0.16883635520935059,-0.03891491889953613
per_res_mlp_h64_L1,1421,0,2,0.7730622220899641,0.21206671458024245,3.3008275032043457,0.21510517597198486,0.0771557092666626,0.375196635723114,0.38678663969039917,0.46895402669906616,0.2163131833076477,0.44928330183029175,0.005574643611907959,0.0014941096305847168,0.026822924613952637,0.39917272329330444,0.18108296394348145,-0.046074748039245605
per_res_mlp_h64_L1,1421,0,3,0.7554848122511659,0.2500678621805631,3.166048049926758,0.22325819730758667,0.11374813318252563,0.3954492211341858,0.4035128355026245,0.5020538568496704,0.22923266887664795,0.5500988960266113,0.047701239585876465,0.03374052047729492,0.07221931219100952,0.43681156635284424,0.22828882932662964,0.014766931533813477
per_res_mlp_h64_L1,1421,0,4,0.7379679111712136,0.25672141863749576,3.4042904376983643,0.23907369375228882,0.12287843227386475,0.40917110443115234,0.410800576210022,0.4974710941314697,0.19505596160888672,0.5733927488327026,0.06072127819061279,0.05953872203826904,0.0789794921875,0.4327170252799988,0.24101006984710693,0.016568243503570557
per_res_mlp_h64_L1,1421,0,5,0.7290631377512646,0.22403910068365243,3.3597404956817627,0.24152648448944092,0.030159831047058105,0.44743961095809937,0.4527694582939148,0.5521583557128906,0.25812506675720215,0.5444105863571167,-0.03299438953399658,0.026240229606628418,0.004564166069030762,0.32599472999572754,0.17168623208999634,-0.10957205295562744
per_res_mlp_h64_L1,1421,0,6,0.721609956127703,0.2809951351239131,3.404951810836792,0.24943113327026367,0.13336336612701416,0.4602382183074951,0.46277451515197754,0.5729153752326965,0.2656514048576355,0.5875753164291382,0.06593185663223267,0.06794285774230957,0.0880698561668396,0.4370468258857727,0.244797945022583,0.01719808578491211
per_res_mlp_h64_L1,1421,0,7,0.7137621177935014,0.2746708576495831,3.2755751609802246,0.2535129189491272,0.04916107654571533,0.4763677716255188,0.46949464082717896,0.582956075668335,0.27336448431015015,0.5931042432785034,0.058590054512023926,0.06435871124267578,0.08807450532913208,0.4267340898513794,0.2612667679786682,-0.026264190673828125
per_res_mlp_h64_L1,1421,0,8,0.7102790312526909,0.2689625391593346,3.3728129863739014,0.2581323981285095,0.11350041627883911,0.48478537797927856,0.46445661783218384,0.5826969146728516,0.24908864498138428,0.5697133541107178,0.020947396755218506,0.042928874492645264,0.04283106327056885,0.4382777810096741,0.24839264154434204,-0.01923847198486328
per_res_mlp_h64_L1,1421,0,9,0.7048874026154073,0.22319494302456194,3.082082986831665,0.2570573091506958,-0.02149522304534912,0.3686220645904541,0.39517003297805786,0.5668830275535583,0.2190188765525818,0.5487674474716187,0.006869316101074219,0.0622180700302124,0.05072951316833496,0.3976127505302429,0.16479986906051636,-0.11471879482269287
per_res_mlp_h64_L1,1421,0,10,0.7022006668499025,0.2871419604008014,3.302298069000244,0.25312089920043945,0.12474590539932251,0.48585397005081177,0.4888960123062134,0.5922818183898926,0.25042998790740967,0.6110860109329224,0.07506060600280762,0.08007925748825073,0.09316951036453247,0.42621350288391113,0.24096375703811646,0.010944247245788574
per_res_mlp_h64_L1,1421,0,11,0.6959896690664926,0.28050091633429897,2.987377643585205,0.22487318515777588,0.10780972242355347,0.4862375855445862,0.49013954401016235,0.5465046167373657,0.24379003047943115,0.6039414405822754,0.06069302558898926,0.0753825306892395,0.09796488285064697,0.4213295578956604,0.28348827362060547,0.004357516765594482
per_res_mlp_h64_L1,1421,0,12,0.692661002857358,0.29839517978521496,3.280853033065796,0.26723772287368774,0.14333456754684448,0.487457811832428,0.4758372902870178,0.6208947896957397,0.29314857721328735,0.6019243001937866,0.07569217681884766,0.07728910446166992,0.08954322338104248,0.43579912185668945,0.2868724465370178,0.024106204509735107
per_res_mlp_h64_L1,1421,0,13,0.6915569798777162,0.28835241611187273,3.532034158706665,0.2692168951034546,0.07421261072158813,0.5140542984008789,0.49896252155303955,0.6148018836975098,0.2740269899368286,0.6162598133087158,0.05093437433242798,0.08493423461914062,0.0859532356262207,0.42132097482681274,0.26890379190444946,-0.02500021457672119
per_res_mlp_h64_L1,1421,0,14,0.690474041793008,0.2838055124649635,3.0536136627197266,0.27039241790771484,0.12102997303009033,0.5192353129386902,0.4924396872520447,0.6235894560813904,0.29869788885116577,0.6265178322792053,0.0316309928894043,0.04507368803024292,0.05752044916152954,0.3723161816596985,0.2427120804786682,-0.011684298515319824
per_res_mlp_h64_L1,1421,0,15,0.6830471670410162,0.31145325990823597,3.060209274291992,0.27424538135528564,0.1411205530166626,0.5198953747749329,0.5059143304824829,0.640119194984436,0.30333131551742554,0.6194168329238892,0.08079051971435547,0.08681905269622803,0.11240565776824951,0.44477492570877075,0.2982398271560669,0.02181941270828247
per_res_mlp_h64_L1,1421,0,16,0.6813299896389033,0.30327674517264736,3.0277092456817627,0.2657020688056946,0.13293904066085815,0.5253238677978516,0.5096899271011353,0.6054916381835938,0.30184024572372437,0.6320035457611084,0.07117944955825806,0.08929771184921265,0.10978102684020996,0.4194537401199341,0.2800941467285156,-0.00019872188568115234
per_res_mlp_h64_L1,1421,0,17,0.6829477900744052,0.311816917015956,3.301029682159424,0.2770231366157532,0.11635535955429077,0.5246113538742065,0.5107297301292419,0.6344019174575806,0.3087504506111145,0.6269819736480713,0.0824352502822876,0.08920401334762573,0.11830765008926392,0.45224112272262573,0.2981618642807007,0.014416098594665527
per_res_mlp_h64_L1,1421,0,18,0.6824509994696285,0.29945234610484195,3.002561330795288,0.27020198106765747,0.11495029926300049,0.5329976081848145,0.5132686495780945,0.6442137956619263,0.30366867780685425,0.63067626953125,0.04225778579711914,0.054778456687927246,0.07386904954910278,0.42581963539123535,0.2897191643714905,-0.0035408735275268555
per_res_mlp_h64_L1,1421,0,19,0.67809753183757,0.31207533983083874,2.9598000049591064,0.2806049585342407,0.15502268075942993,0.5334286689758301,0.5133411884307861,0.6494364738464355,0.29014450311660767,0.6318463087081909,0.06620955467224121,0.054850101470947266,0.10025537014007568,0.4470423460006714,0.3092542886734009,0.0255429744720459
per_res_mlp_h128_L2,19341,0,0,0.8220721698417066,0.228410725410168,3.2616777420043945,0.2886587381362915,-0.1418449878692627,0.5550479888916016,0.5234501361846924,0.585006594657898,0.2721344232559204,0.4299112558364868,-0.020018935203552246,-0.006015419960021973,0.07163012027740479,0.35646718740463257,0.21022939682006836,-0.15531706809997559
per_res_mlp_h128_L2,19341,0,1,0.6682151159438512,0.32063742784353405,3.354180335998535,0.2734426259994507,0.01087731122970581,0.6919440031051636,0.5846716165542603,0.7510185837745667,0.34333890676498413,0.5716315507888794,0.018683314323425293,0.07661998271942139,0.07754015922546387,0.42906653881073,0.3800390362739563,-0.04058706760406494
per_res_mlp_h128_L2,19341,0,2,0.6261508726381196,0.3505006249134357,3.3556888103485107,0.3396364450454712,0.1039084792137146,0.614203929901123,0.6223922371864319,0.7976382374763489,0.39073890447616577,0.7206084728240967,0.037082672119140625,0.07453584671020508,0.15714800357818604,0.3457474112510681,0.4002913236618042,-0.0474238395690918
per_res_mlp_h128_L2,19341,0,3,0.6041861829317627,0.3904741360591008,3.5372557640075684,0.34224891662597656,0.1654897928237915,0.771331250667572,0.7044821977615356,0.770876407623291,0.3919365406036377,0.7321112155914307,0.06410962343215942,0.09503746032714844,0.13983917236328125,0.48364943265914917,0.38984113931655884,0.02521061897277832
per_res_mlp_h128_L2,19341,0,4,0.5913511328487808,0.3976704157315768,3.2730512619018555,0.34409934282302856,0.12409359216690063,0.7828904390335083,0.7113929390907288,0.8279296159744263,0.407243549823761,0.697810173034668,0.06059622764587402,0.10887879133224487,0.15014517307281494,0.5045350790023804,0.42577582597732544,0.024324655532836914
per_res_mlp_h128_L2,19341,0,5,0.5872322199696307,0.40902791114953846,3.030266046524048,0.3361448645591736,0.08563292026519775,0.7901173830032349,0.724689245223999,0.8394347429275513,0.4148014187812805,0.7411249876022339,0.10549968481063843,0.11019289493560791,0.20101839303970337,0.5088299512863159,0.4324299693107605,0.027446389198303223
per_res_mlp_h128_L2,19341,0,6,0.5797938319081167,0.40275693856752837,3.572103261947632,0.35341596603393555,0.15551406145095825,0.7899923920631409,0.7326186895370483,0.8278374075889587,0.3997470736503601,0.6579180955886841,0.09343105554580688,0.11849039793014526,0.1449298858642578,0.5024425983428955,0.43294811248779297,0.026554465293884277
per_res_mlp_h128_L2,19341,0,7,0.5729675692204064,0.38208938103455764,3.125476121902466,0.3243335485458374,0.024404406547546387,0.7903631329536438,0.6829714775085449,0.8290853500366211,0.3469134569168091,0.7561604380607605,0.09225279092788696,0.1253260374069214,0.17952370643615723,0.456156849861145,0.35827773809432983,0.0013930201530456543
per_res_mlp_h128_L2,19341,0,8,0.5689968377363578,0.4218225937623244,3.1367897987365723,0.3605576753616333,0.14876538515090942,0.8082466721534729,0.742939293384552,0.8305441737174988,0.42872291803359985,0.7034569978713989,0.11818671226501465,0.1290283203125,0.21463561058044434,0.5169433355331421,0.44387638568878174,0.03779023885726929
per_res_mlp_h128_L2,19341,0,9,0.5662738482846711,0.3929746105120732,3.3067240715026855,0.3618236184120178,0.11842048168182373,0.8010945916175842,0.6899385452270508,0.8737130761146545,0.43443596363067627,0.7666122913360596,0.054273247718811035,0.11523479223251343,0.16391068696975708,0.3379180431365967,0.4038945436477661,-0.012599945068359375
per_res_mlp_h128_L2,19341,0,10,0.5621245207824846,0.4336071747999925,3.3258731365203857,0.3557741045951843,0.18005573749542236,0.8125853538513184,0.7483291625976562,0.8749663233757019,0.4350837469100952,0.7475383877754211,0.12694942951202393,0.1376333236694336,0.20794576406478882,0.5235136151313782,0.44199037551879883,0.04452794790267944
per_res_mlp_h128_L2,19341,0,11,0.5571999349036829,0.42816391358008754,3.23233962059021,0.3646846413612366,0.17499828338623047,0.8077812194824219,0.7480344176292419,0.8512105941772461,0.4368121027946472,0.7702294588088989,0.10600221157073975,0.10417771339416504,0.1883392333984375,0.511925220489502,0.462094783782959,0.03984099626541138
per_res_mlp_h128_L2,19341,0,12,0.5558614069987369,0.4167757171850938,3.0656425952911377,0.3636898994445801,0.14496159553527832,0.8277236223220825,0.7202733159065247,0.8898125886917114,0.44355201721191406,0.7725542187690735,0.06350106000900269,0.09756547212600708,0.12420988082885742,0.47905755043029785,0.4601186513900757,0.03106445074081421
per_res_mlp_h128_L2,19341,0,13,0.5514971916663515,0.4325713882079491,3.2434263229370117,0.3526211380958557,0.17634958028793335,0.8232824206352234,0.7417480945587158,0.8599526286125183,0.4221598505973816,0.7758595943450928,0.0996706485748291,0.12826621532440186,0.21184468269348145,0.5253967046737671,0.462066650390625,0.044209837913513184
per_res_mlp_h128_L2,19341,0,14,0.5496425618026863,0.44247672191032994,3.25930118560791,0.3667246699333191,0.17570531368255615,0.8361324667930603,0.7550414800643921,0.8811947107315063,0.4429684281349182,0.7781465649604797,0.1327715516090393,0.13798409700393677,0.2363489270210266,0.48591309785842896,0.4636082649230957,0.05965781211853027
per_res_mlp_h128_L2,19341,0,15,0.5498819891614493,0.42200393401659453,3.3694658279418945,0.3611977696418762,0.08888709545135498,0.8224629163742065,0.7340199947357178,0.8184649348258972,0.44422757625579834,0.7725074291229248,0.1429651975631714,0.15163898468017578,0.2402622103691101,0.4191272258758545,0.45619267225265503,0.034097135066986084
per_res_mlp_h128_L2,19341,0,16,0.5473231406591413,0.43656026400052583,3.40628981590271,0.3591498136520386,0.1828230619430542,0.8208515644073486,0.7118939161300659,0.8631526231765747,0.40566790103912354,0.7697901129722595,0.13729602098464966,0.14491045475006104,0.24225479364395142,0.5269947052001953,0.4570927023887634,0.05340576171875
per_res_mlp_h128_L2,19341,0,17,0.5442840628869519,0.4395106847469623,3.36999249458313,0.3668243885040283,0.14936882257461548,0.8418320417404175,0.7622848749160767,0.8943244218826294,0.44680482149124146,0.6926685571670532,0.1401997208595276,0.15568840503692627,0.24726736545562744,0.4977908730506897,0.45823729038238525,0.06034731864929199
per_res_mlp_h128_L2,19341,0,18,0.5470502984656123,0.43270946924503034,3.4900217056274414,0.3660407066345215,0.16970109939575195,0.7994091510772705,0.729193925857544,0.8601680994033813,0.4245198369026184,0.7833583950996399,0.13661950826644897,0.16178762912750244,0.2470088005065918,0.4349839687347412,0.46557700634002686,0.04685497283935547
per_res_mlp_h256_L3,137229,0,0,0.836601847379478,0.30850088137846726,4.46379542350769,0.3184395432472229,0.12829625606536865,0.46339523792266846,0.45223182439804077,0.7195245027542114,0.24161505699157715,0.6662182807922363,0.08572131395339966,0.10209536552429199,0.1330716609954834,0.4758358597755432,0.24034839868545532,-0.016281843185424805
per_res_mlp_h256_L3,137229,0,1,0.6333950705158625,0.3344373061106755,4.41870641708374,0.26673996448516846,0.10572129487991333,0.5463680028915405,0.4573953151702881,0.6628361940383911,0.3307855725288391,0.7313506603240967,0.09359490871429443,0.10579055547714233,0.16877949237823486,0.48958802223205566,0.36916762590408325,0.019567370414733887
per_res_mlp_h256_L3,137229,0,2,0.580736417952603,0.3956865393198453,4.277429103851318,0.35942530632019043,0.12801796197891235,0.7470117807388306,0.6045362949371338,0.7998167276382446,0.41361159086227417,0.7525412440299988,0.09173882007598877,0.12005615234375,0.20846021175384521,0.44353944063186646,0.4455355405807495,0.029633939266204834
per_res_mlp_h256_L3,137229,0,3,0.5660988173368524,0.4016079856799199,4.200988292694092,0.3613963723182678,0.1655246615409851,0.681279718875885,0.6025118827819824,0.8866215944290161,0.4467616081237793,0.7661465406417847,0.09770774841308594,0.10097503662109375,0.1861947774887085,0.44034022092819214,0.4390065670013428,0.046437084674835205
per_res_mlp_h256_L3,137229,0,4,0.5577704977424347,0.40101900467505824,4.0683348178863525,0.34730517864227295,0.17715078592300415,0.8126181364059448,0.733783483505249,0.7660903930664062,0.3661413788795471,0.7554640173912048,0.03950291872024536,0.05176359415054321,0.14951413869857788,0.5149581432342529,0.4519537091255188,0.0470011830329895
per_res_mlp_h256_L3,137229,0,5,0.5481001568099958,0.4323863753905663,4.059912443161011,0.3303108215332031,0.18393093347549438,0.8215844035148621,0.7781001329421997,0.8177602291107178,0.4082450270652771,0.7791801691055298,0.13622397184371948,0.1510171890258789,0.24983853101730347,0.5211236476898193,0.41355109214782715,0.030156731605529785
per_res_mlp_h256_L3,137229,0,6,0.5471439496167211,0.4449972602037283,4.130419492721558,0.3629469871520996,0.1491405963897705,0.8317966461181641,0.7451164722442627,0.8964388966560364,0.4591507315635681,0.7871430516242981,0.13770657777786255,0.15446162223815918,0.24004286527633667,0.52882981300354,0.4541056752204895,0.038084447383880615
per_res_mlp_h256_L3,137229,0,7,0.539360475208696,0.4053069078005277,4.351262807846069,0.35807543992996216,0.19788634777069092,0.7199594974517822,0.6949185729026794,0.7330918312072754,0.3981948494911194,0.7943070530891418,0.09898078441619873,0.10398316383361816,0.18624663352966309,0.4699419140815735,0.4534403085708618,0.0599634051322937
per_res_mlp_h256_L3,137229,0,8,0.5339129131751151,0.4038647825901325,4.297919511795044,0.3650643229484558,0.04149031639099121,0.7780154347419739,0.7410913705825806,0.8719949126243591,0.44629454612731934,0.7911202907562256,0.06580060720443726,0.10938495397567749,0.21887809038162231,0.39016151428222656,0.44887882471084595,-0.017933011054992676
per_res_mlp_h256_L3,137229,0,9,0.5318675368173457,0.448094354226039,4.212562799453735,0.37144482135772705,0.18764126300811768,0.7621700763702393,0.6904261112213135,0.9100520610809326,0.4697261452674866,0.7963861227035522,0.17249846458435059,0.180800199508667,0.28013837337493896,0.5000190138816833,0.43981683254241943,0.06410712003707886
per_res_mlp_h256_L3,137229,0,10,0.5271355651295393,0.4461051042263324,4.311945199966431,0.36275774240493774,0.20976310968399048,0.8267759084701538,0.7370500564575195,0.9075390696525574,0.4580838680267334,0.7003598213195801,0.15810734033584595,0.1817084550857544,0.21423763036727905,0.5365055799484253,0.4378608465194702,0.06861692667007446
per_res_mlp_h256_L3,137229,0,11,0.5242524925592775,0.40989183004085833,4.345287084579468,0.3719342350959778,0.21906626224517822,0.5309885740280151,0.5661126375198364,0.8977028131484985,0.44865673780441284,0.7980194687843323,0.13716751337051392,0.170956552028656,0.24118298292160034,0.4532357454299927,0.4256746172904968,0.06789565086364746
per_res_mlp_h256_L3,137229,0,12,0.5161682671670116,0.4038547002352201,4.173515796661377,0.35719895362854004,0.044125378131866455,0.8377368450164795,0.7681649923324585,0.8860862851142883,0.45478737354278564,0.7571395039558411,0.02172374725341797,0.10118776559829712,0.1618402600288391,0.4226100444793701,0.48618584871292114,-0.04867589473724365
per_res_mlp_h256_L3,137229,0,13,0.5158345815854872,0.4413426243341886,4.044094800949097,0.35108059644699097,0.20801478624343872,0.748553991317749,0.6867009997367859,0.8537949323654175,0.4277592897415161,0.7698201537132263,0.17006808519363403,0.20098650455474854,0.2816992402076721,0.513460099697113,0.436185359954834,0.08933007717132568
