direction,w,length,seed,protein_id,predictor,real,gap
camsol_max,1,300,42,s42_n300,1.7254542112350464,,
camsol_max,1,400,42,s42_n400,1.6609461307525635,,
camsol_max,1,500,42,s42_n500,1.7274036407470703,,
camsol_max,1,300,43,s43_n300,1.3111408948898315,,
camsol_max,1,400,43,s43_n400,1.641997218132019,,
camsol_max,1,500,43,s43_n500,2.406928300857544,,
camsol_max,1,300,44,s44_n300,1.1840312480926514,,
camsol_max,1,400,44,s44_n400,-1.4465360641479492,,
camsol_max,1,500,44,s44_n500,0.9829480648040771,,
camsol_max,1,300,45,s45_n300,2.609924077987671,,
camsol_max,1,400,45,s45_n400,2.3698670864105225,,
camsol_max,1,500,45,s45_n500,1.8456214666366577,,
camsol_max,1,300,46,s46_n300,2.130528450012207,,
camsol_max,1,400,46,s46_n400,-0.39671000838279724,,
camsol_max,1,500,46,s46_n500,2.27854585647583,,
camsol_max,1,300,47,s47_n300,2.639760971069336,,
camsol_max,1,400,47,s47_n400,3.6907923221588135,,
camsol_max,1,500,47,s47_n500,-3.6487436294555664,,
camsol_max,1,300,48,s48_n300,1.6350682973861694,,
camsol_max,1,400,48,s48_n400,1.9693803787231445,,
camsol_max,1,500,48,s48_n500,0.33083951473236084,,
camsol_max,1,300,49,s49_n300,-0.12861573696136475,,
camsol_max,1,400,49,s49_n400,1.5304051637649536,,
camsol_max,1,500,49,s49_n500,0.5624449253082275,,
camsol_max,1,300,50,s50_n300,0.9644495248794556,,
camsol_max,1,400,50,s50_n400,1.995500922203064,,
camsol_max,1,500,50,s50_n500,-0.9878524541854858,,
camsol_max,1,300,51,s51_n300,2.661059617996216,,
camsol_max,1,400,51,s51_n400,0.5193499326705933,,
camsol_max,1,500,51,s51_n500,-0.9696938991546631,,
camsol_max,1,300,52,s52_n300,1.8634663820266724,,
camsol_max,1,400,52,s52_n400,1.3701547384262085,,
camsol_max,1,500,52,s52_n500,0.171870619058609,,
camsol_max,1,300,53,s53_n300,2.284311532974243,,
camsol_max,1,400,53,s53_n400,1.0572171211242676,,
camsol_max,1,500,53,s53_n500,-0.5435147285461426,,
camsol_max,1,300,54,s54_n300,0.15505507588386536,,
camsol_max,1,400,54,s54_n400,2.131303548812866,,
camsol_max,1,500,54,s54_n500,-1.3493586778640747,,
camsol_max,1,300,55,s55_n300,2.169250965118408,,
camsol_max,1,400,55,s55_n400,0.6796656847000122,,
camsol_max,1,500,55,s55_n500,1.473629117012024,,
camsol_max,1,300,56,s56_n300,2.041072130203247,,
camsol_max,1,400,56,s56_n400,0.27673131227493286,,
camsol_max,1,500,56,s56_n500,2.2499403953552246,,
camsol_max,1,300,57,s57_n300,1.81732177734375,,
camsol_max,1,400,57,s57_n400,1.5821712017059326,,
camsol_max,1,500,57,s57_n500,-0.09539732336997986,,
camsol_max,2,300,42,s42_n300,1.756299376487732,,
camsol_max,2,400,42,s42_n400,1.6851556301116943,,
camsol_max,2,500,42,s42_n500,1.767948865890503,,
camsol_max,2,300,43,s43_n300,1.3334600925445557,,
camsol_max,2,400,43,s43_n400,1.6666419506072998,,
camsol_max,2,500,43,s43_n500,2.44857120513916,,
camsol_max,2,300,44,s44_n300,1.2091259956359863,,
camsol_max,2,400,44,s44_n400,-1.3984112739562988,,
camsol_max,2,500,44,s44_n500,1.0444443225860596,,
camsol_max,2,300,45,s45_n300,2.6303067207336426,,
camsol_max,2,400,45,s45_n400,2.3879432678222656,,
camsol_max,2,500,45,s45_n500,1.8720582723617554,,
camsol_max,2,300,46,s46_n300,2.1696369647979736,,
camsol_max,2,400,46,s46_n400,-0.35345450043678284,,
camsol_max,2,500,46,s46_n500,2.2930076122283936,,
camsol_max,2,300,47,s47_n300,2.5330886840820312,,
camsol_max,2,400,47,s47_n400,3.7155587673187256,,
camsol_max,2,500,47,s47_n500,-3.565807342529297,,
camsol_max,2,300,48,s48_n300,1.790012001991272,,
camsol_max,2,400,48,s48_n400,1.9910277128219604,,
camsol_max,2,500,48,s48_n500,0.38344264030456543,,
camsol_max,2,300,49,s49_n300,-0.08612865209579468,,
camsol_max,2,400,49,s49_n400,1.55777108669281,,
camsol_max,2,500,49,s49_n500,0.6217477321624756,,
camsol_max,2,300,50,s50_n300,1.044426679611206,,
camsol_max,2,400,50,s50_n400,2.05199933052063,,
camsol_max,2,500,50,s50_n500,-0.9171679019927979,,
camsol_max,2,300,51,s51_n300,2.7008564472198486,,
camsol_max,2,400,51,s51_n400,0.6029435396194458,,
camsol_max,2,500,51,s51_n500,-0.8248288631439209,,
camsol_max,2,300,52,s52_n300,1.8858922719955444,,
camsol_max,2,400,52,s52_n400,1.429887056350708,,
camsol_max,2,500,52,s52_n500,0.230301171541214,,
camsol_max,2,300,53,s53_n300,2.279240846633911,,
camsol_max,2,400,53,s53_n400,1.1747455596923828,,
camsol_max,2,500,53,s53_n500,-0.4764045178890228,,
camsol_max,2,300,54,s54_n300,0.18381060659885406,,
camsol_max,2,400,54,s54_n400,2.1554243564605713,,
camsol_max,2,500,54,s54_n500,-1.253467321395874,,
camsol_max,2,300,55,s55_n300,2.194936513900757,,
camsol_max,2,400,55,s55_n400,0.7617694139480591,,
camsol_max,2,500,55,s55_n500,1.4989938735961914,,
camsol_max,2,300,56,s56_n300,2.0736942291259766,,
camsol_max,2,400,56,s56_n400,0.3328056037425995,,
camsol_max,2,500,56,s56_n500,2.2725839614868164,,
camsol_max,2,300,57,s57_n300,1.9060872793197632,,
camsol_max,2,400,57,s57_n400,1.6045032739639282,,
camsol_max,2,500,57,s57_n500,0.035754069685935974,,
camsol_max,4,300,42,s42_n300,1.8003345727920532,,
camsol_max,4,400,42,s42_n400,1.749714732170105,,
camsol_max,4,500,42,s42_n500,1.8630764484405518,,
camsol_max,4,300,43,s43_n300,1.375963807106018,,
camsol_max,4,400,43,s43_n400,1.75387704372406,,
camsol_max,4,500,43,s43_n500,2.522623062133789,,
camsol_max,4,300,44,s44_n300,1.36495041847229,,
camsol_max,4,400,44,s44_n400,-1.3109773397445679,,
camsol_max,4,500,44,s44_n500,1.160919427871704,,
camsol_max,4,300,45,s45_n300,2.8377113342285156,,
camsol_max,4,400,45,s45_n400,2.425534725189209,,
camsol_max,4,500,45,s45_n500,1.9202033281326294,,
camsol_max,4,300,46,s46_n300,2.2525722980499268,,
camsol_max,4,400,46,s46_n400,-0.1822599172592163,,
camsol_max,4,500,46,s46_n500,2.3230583667755127,,
camsol_max,4,300,47,s47_n300,2.581123113632202,,
camsol_max,4,400,47,s47_n400,3.7617433071136475,,
camsol_max,4,500,47,s47_n500,-3.410573720932007,,
camsol_max,4,300,48,s48_n300,1.9946701526641846,,
camsol_max,4,400,48,s48_n400,2.122729778289795,,
camsol_max,4,500,48,s48_n500,0.46342524886131287,,
camsol_max,4,300,49,s49_n300,-0.0045747309923172,,
camsol_max,4,400,49,s49_n400,1.6234210729599,,
camsol_max,4,500,49,s49_n500,0.7599259614944458,,
camsol_max,4,300,50,s50_n300,1.0925896167755127,,
camsol_max,4,400,50,s50_n400,2.1709964275360107,,
camsol_max,4,500,50,s50_n500,-0.7803788185119629,,
camsol_max,4,300,51,s51_n300,2.846734046936035,,
camsol_max,4,400,51,s51_n400,0.7555413246154785,,
camsol_max,4,500,51,s51_n500,-0.7970681190490723,,
camsol_max,4,300,52,s52_n300,1.9641096591949463,,
camsol_max,4,400,52,s52_n400,1.4695892333984375,,
camsol_max,4,500,52,s52_n500,0.338667631149292,,
camsol_max,4,300,53,s53_n300,2.3760552406311035,,
camsol_max,4,400,53,s53_n400,1.2759685516357422,,
camsol_max,4,500,53,s53_n500,-0.38901934027671814,,
camsol_max,4,300,54,s54_n300,0.34179577231407166,,
camsol_max,4,400,54,s54_n400,2.2492425441741943,,
camsol_max,4,500,54,s54_n500,-1.172940969467163,,
camsol_max,4,300,55,s55_n300,2.2404730319976807,,
camsol_max,4,400,55,s55_n400,0.7709184885025024,,
camsol_max,4,500,55,s55_n500,1.5721222162246704,,
camsol_max,4,300,56,s56_n300,2.1474177837371826,,
camsol_max,4,400,56,s56_n400,0.5134708285331726,,
camsol_max,4,500,56,s56_n500,2.3777499198913574,,
camsol_max,4,300,57,s57_n300,1.916670560836792,,
camsol_max,4,400,57,s57_n400,1.6673802137374878,,
camsol_max,4,500,57,s57_n500,0.19416716694831848,,
camsol_max,8,300,42,s42_n300,1.9604662656784058,,
camsol_max,8,400,42,s42_n400,1.8584973812103271,,
camsol_max,8,500,42,s42_n500,1.9660345315933228,,
camsol_max,8,300,43,s43_n300,1.6437925100326538,,
camsol_max,8,400,43,s43_n400,1.8696669340133667,,
camsol_max,8,500,43,s43_n500,2.606509208679199,,
camsol_max,8,300,44,s44_n300,1.6121963262557983,,
camsol_max,8,400,44,s44_n400,-1.1529310941696167,,
camsol_max,8,500,44,s44_n500,1.341346263885498,,
camsol_max,8,300,45,s45_n300,2.956474781036377,,
camsol_max,8,400,45,s45_n400,2.543715000152588,,
camsol_max,8,500,45,s45_n500,2.0064749717712402,,
camsol_max,8,300,46,s46_n300,2.395683765411377,,
camsol_max,8,400,46,s46_n400,-0.04500611126422882,,
camsol_max,8,500,46,s46_n500,2.3876452445983887,,
camsol_max,8,300,47,s47_n300,2.967897653579712,,
camsol_max,8,400,47,s47_n400,3.856541395187378,,
camsol_max,8,500,47,s47_n500,-3.0429272651672363,,
camsol_max,8,300,48,s48_n300,2.4443397521972656,,
camsol_max,8,400,48,s48_n400,2.3853988647460938,,
camsol_max,8,500,48,s48_n500,0.6254412531852722,,
camsol_max,8,300,49,s49_n300,0.2158990502357483,,
camsol_max,8,400,49,s49_n400,1.7863914966583252,,
camsol_max,8,500,49,s49_n500,1.0866140127182007,,
camsol_max,8,300,50,s50_n300,1.453345775604248,,
camsol_max,8,400,50,s50_n400,2.3137171268463135,,
camsol_max,8,500,50,s50_n500,-0.48154309391975403,,
camsol_max,8,300,51,s51_n300,3.104440450668335,,
camsol_max,8,400,51,s51_n400,1.0302259922027588,,
camsol_max,8,500,51,s51_n500,-0.571392297744751,,
camsol_max,8,300,52,s52_n300,2.137939691543579,,
camsol_max,8,400,52,s52_n400,1.678801417350769,,
camsol_max,8,500,52,s52_n500,0.5178457498550415,,
camsol_max,8,300,53,s53_n300,2.4947991371154785,,
camsol_max,8,400,53,s53_n400,1.3807435035705566,,
camsol_max,8,500,53,s53_n500,-0.2588508129119873,,
camsol_max,8,300,54,s54_n300,0.6351457238197327,,
camsol_max,8,400,54,s54_n400,2.560093402862549,,
camsol_max,8,500,54,s54_n500,-0.9469434022903442,,
camsol_max,8,300,55,s55_n300,2.338599681854248,,
camsol_max,8,400,55,s55_n400,0.9784382581710815,,
camsol_max,8,500,55,s55_n500,1.7799010276794434,,
camsol_max,8,300,56,s56_n300,2.265428066253662,,
camsol_max,8,400,56,s56_n400,0.6550916433334351,,
camsol_max,8,500,56,s56_n500,2.6092514991760254,,
camsol_max,8,300,57,s57_n300,2.2126619815826416,,
camsol_max,8,400,57,s57_n400,1.7453336715698242,,
camsol_max,8,500,57,s57_n500,0.5850367546081543,,
camsol_max,16,300,42,s42_n300,2.403210401535034,,
camsol_max,16,400,42,s42_n400,2.2320239543914795,,
camsol_max,16,500,42,s42_n500,2.331552505493164,,
camsol_max,16,300,43,s43_n300,2.016319751739502,,
camsol_max,16,400,43,s43_n400,2.122025728225708,,
camsol_max,16,500,43,s43_n500,2.892303943634033,,
camsol_max,16,300,44,s44_n300,2.0323567390441895,,
camsol_max,16,400,44,s44_n400,-0.82757568359375,,
camsol_max,16,500,44,s44_n500,1.5724822282791138,,
camsol_max,16,300,45,s45_n300,3.2315611839294434,,
camsol_max,16,400,45,s45_n400,2.7790989875793457,,
camsol_max,16,500,45,s45_n500,2.155592203140259,,
camsol_max,16,300,46,s46_n300,2.7543065547943115,,
camsol_max,16,400,46,s46_n400,0.30816540122032166,,
camsol_max,16,500,46,s46_n500,2.566415548324585,,
camsol_max,16,300,47,s47_n300,3.3225932121276855,,
camsol_max,16,400,47,s47_n400,4.095558166503906,,
camsol_max,16,500,47,s47_n500,-2.338348627090454,,
camsol_max,16,300,48,s48_n300,2.873267650604248,,
camsol_max,16,400,48,s48_n400,2.686816930770874,,
camsol_max,16,500,48,s48_n500,0.973780632019043,,
camsol_max,16,300,49,s49_n300,0.5450503826141357,,
camsol_max,16,400,49,s49_n400,2.0599377155303955,,
camsol_max,16,500,49,s49_n500,1.5759354829788208,,
camsol_max,16,300,50,s50_n300,1.6826553344726562,,
camsol_max,16,400,50,s50_n400,2.7616922855377197,,
camsol_max,16,500,50,s50_n500,-0.009728267788887024,,
camsol_max,16,300,51,s51_n300,3.3176426887512207,,
camsol_max,16,400,51,s51_n400,1.4587724208831787,,
camsol_max,16,500,51,s51_n500,-0.1276722252368927,,
camsol_max,16,300,52,s52_n300,2.617393970489502,,
camsol_max,16,400,52,s52_n400,2.167569637298584,,
camsol_max,16,500,52,s52_n500,0.9341521263122559,,
camsol_max,16,300,53,s53_n300,2.810377836227417,,
camsol_max,16,400,53,s53_n400,1.72612726688385,,
camsol_max,16,500,53,s53_n500,0.3112466335296631,,
camsol_max,16,300,54,s54_n300,1.089018702507019,,
camsol_max,16,400,54,s54_n400,3.0182266235351562,,
camsol_max,16,500,54,s54_n500,-0.4945138990879059,,
camsol_max,16,300,55,s55_n300,2.7545785903930664,,
camsol_max,16,400,55,s55_n400,1.3093630075454712,,
camsol_max,16,500,55,s55_n500,2.0616533756256104,,
camsol_max,16,300,56,s56_n300,2.5725927352905273,,
camsol_max,16,400,56,s56_n400,0.98063063621521,,
camsol_max,16,500,56,s56_n500,2.974092721939087,,
camsol_max,16,300,57,s57_n300,2.5758206844329834,,
camsol_max,16,400,57,s57_n400,2.3922572135925293,,
camsol_max,16,500,57,s57_n500,0.9392799139022827,,
tango_min,1,300,42,s42_n300,613.5914916992188,594.395,19.196491699218768
tango_min,1,400,42,s42_n400,1107.4105224609375,1076.76,30.65052246093751
tango_min,1,500,42,s42_n500,1172.154052734375,1013.49,158.664052734375
tango_min,1,300,43,s43_n300,737.2413940429688,607.409,129.83239404296876
tango_min,1,400,43,s43_n400,1230.09619140625,1083.35,146.7461914062501
tango_min,1,500,43,s43_n500,811.8246459960938,562.44,249.3846459960937
tango_min,1,300,44,s44_n300,870.5968627929688,714.142,156.4548627929687
tango_min,1,400,44,s44_n400,1662.2421875,1429.3,232.94218750000005
tango_min,1,500,44,s44_n500,1428.8603515625,1552.57,-123.70964843749994
tango_min,1,300,45,s45_n300,707.2337646484375,568.813,138.4207646484375
tango_min,1,400,45,s45_n400,861.64404296875,838.809,22.83504296875003
tango_min,1,500,45,s45_n500,1053.7938232421875,749.195,304.59882324218745
tango_min,1,300,46,s46_n300,801.862548828125,484.145,317.717548828125
tango_min,1,400,46,s46_n400,1461.11572265625,1840.27,-379.15427734375
tango_min,1,500,46,s46_n500,936.455322265625,559.733,376.72232226562505
tango_min,1,300,47,s47_n300,650.380126953125,571.452,78.928126953125
tango_min,1,400,47,s47_n400,561.267578125,482.278,78.98957812499998
tango_min,1,500,47,s47_n500,1425.955322265625,1153.99,271.965322265625
tango_min,1,300,48,s48_n300,762.3689575195312,529.342,233.02695751953127
tango_min,1,400,48,s48_n400,1085.840087890625,1045.4,40.44008789062491
tango_min,1,500,48,s48_n500,1327.2652587890625,1420.26,-92.99474121093749
tango_min,1,300,49,s49_n300,936.5061645507812,894.748,41.7581645507812
tango_min,1,400,49,s49_n400,731.5674438476562,643.448,88.11944384765627
tango_min,1,500,49,s49_n500,1199.582275390625,1032.98,166.60227539062498
tango_min,1,300,50,s50_n300,698.2738647460938,590.393,107.88086474609372
tango_min,1,400,50,s50_n400,1001.3116455078125,901.747,99.56464550781254
tango_min,1,500,50,s50_n500,896.9196166992188,951.369,-54.44938330078128
tango_min,1,300,51,s51_n300,672.6395263671875,514.509,158.13052636718749
tango_min,1,400,51,s51_n400,1116.126953125,902.161,213.96595312500006
tango_min,1,500,51,s51_n500,1563.36083984375,1603.91,-40.54916015625008
tango_min,1,300,52,s52_n300,688.2537841796875,546.489,141.76478417968747
tango_min,1,400,52,s52_n400,1091.679443359375,948.002,143.67744335937505
tango_min,1,500,52,s52_n500,1473.47705078125,877.784,595.69305078125
tango_min,1,300,53,s53_n300,782.0451049804688,472.19,309.85510498046875
tango_min,1,400,53,s53_n400,1045.8154296875,841.985,203.8304296875
tango_min,1,500,53,s53_n500,1530.750244140625,1223.9,306.8502441406249
tango_min,1,300,54,s54_n300,1047.973876953125,1077.12,-29.14612304687489
tango_min,1,400,54,s54_n400,864.6517333984375,902.79,-38.138266601562464
tango_min,1,500,54,s54_n500,1623.4559326171875,1652.99,-29.53406738281251
tango_min,1,300,55,s55_n300,642.7335205078125,518.916,123.81752050781245
tango_min,1,400,55,s55_n400,1029.0509033203125,886.772,142.27890332031245
tango_min,1,500,55,s55_n500,1326.678466796875,1200.79,125.88846679687504
tango_min,1,300,56,s56_n300,861.0791625976562,605.367,255.7121625976563
tango_min,1,400,56,s56_n400,726.3499755859375,500.174,226.17597558593752
tango_min,1,500,56,s56_n500,985.1444091796875,974.804,10.340409179687526
tango_min,1,300,57,s57_n300,822.5782470703125,599.687,222.8912470703125
tango_min,1,400,57,s57_n400,687.53515625,763.806,-76.27084375000004
tango_min,1,500,57,s57_n500,1247.6484375,1370.39,-122.7415625000001
tango_min,2,300,42,s42_n300,606.7210083007812,594.395,12.326008300781268
tango_min,2,400,42,s42_n400,1090.9737548828125,1061.57,29.403754882812564
tango_min,2,500,42,s42_n500,1156.4058837890625,1011.01,145.3958837890625
tango_min,2,300,43,s43_n300,730.4622802734375,607.409,123.05328027343751
tango_min,2,400,43,s43_n400,1206.13525390625,1038.64,167.4952539062499
tango_min,2,500,43,s43_n500,806.0568237304688,562.44,243.6168237304687
tango_min,2,300,44,s44_n300,855.1776123046875,714.392,140.78561230468745
tango_min,2,400,44,s44_n400,1649.9549560546875,1429.3,220.65495605468755
tango_min,2,500,44,s44_n500,1432.1011962890625,1558.74,-126.63880371093751
tango_min,2,300,45,s45_n300,693.2431640625,561.162,132.08116406249997
tango_min,2,400,45,s45_n400,846.5842895507812,838.834,7.750289550781304
tango_min,2,500,45,s45_n500,1045.2772216796875,749.152,296.12522167968746
tango_min,2,300,46,s46_n300,772.8225708007812,473.339,299.48357080078125
tango_min,2,400,46,s46_n400,1450.34765625,1840.27,-389.92234375
tango_min,2,500,46,s46_n500,930.3316650390625,559.733,370.59866503906255
tango_min,2,300,47,s47_n300,630.5408935546875,565.261,65.27989355468753
tango_min,2,400,47,s47_n400,554.7703247070312,482.278,72.49232470703123
tango_min,2,500,47,s47_n500,1418.1416015625,1153.99,264.1516015625
tango_min,2,300,48,s48_n300,754.7688598632812,529.342,225.42685986328127
tango_min,2,400,48,s48_n400,1078.271484375,1045.83,32.44148437500007
tango_min,2,500,48,s48_n500,1319.517578125,1420.26,-100.74242187499999
tango_min,2,300,49,s49_n300,926.1759033203125,894.748,31.427903320312453
tango_min,2,400,49,s49_n400,723.061279296875,643.448,79.61327929687502
tango_min,2,500,49,s49_n500,1187.36962890625,1020.99,166.37962890625
tango_min,2,300,50,s50_n300,690.6646728515625,590.393,100.27167285156247
tango_min,2,400,50,s50_n400,963.4385375976562,838.489,124.94953759765622
tango_min,2,500,50,s50_n500,886.8123168945312,951.369,-64.55668310546878
tango_min,2,300,51,s51_n300,658.0643920898438,511.669,146.39539208984377
tango_min,2,400,51,s51_n400,1110.26513671875,906.239,204.02613671874997
tango_min,2,500,51,s51_n500,1547.7630615234375,1602.05,-54.286938476562455
tango_min,2,300,52,s52_n300,683.0040283203125,545.695,137.30902832031245
tango_min,2,400,52,s52_n400,1075.0081787109375,949.919,125.08917871093752
tango_min,2,500,52,s52_n500,1460.330322265625,873.233,587.097322265625
tango_min,2,300,53,s53_n300,764.4398803710938,473.759,290.68088037109374
tango_min,2,400,53,s53_n400,1040.025146484375,848.556,191.46914648437496
tango_min,2,500,53,s53_n500,1505.0997314453125,1221.87,283.2297314453126
tango_min,2,300,54,s54_n300,1040.3792724609375,1077.12,-36.74072753906239
tango_min,2,400,54,s54_n400,870.26025390625,951.119,-80.85874609375003
tango_min,2,500,54,s54_n500,1614.9454345703125,1655.7,-40.754565429687545
tango_min,2,300,55,s55_n300,633.2186889648438,517.894,115.32468896484374
tango_min,2,400,55,s55_n400,1020.4732055664062,886.772,133.7012055664062
tango_min,2,500,55,s55_n500,1317.6917724609375,1184.17,133.52177246093743
tango_min,2,300,56,s56_n300,854.431884765625,605.367,249.06488476562504
tango_min,2,400,56,s56_n400,715.4150390625,491.159,224.2560390625
tango_min,2,500,56,s56_n500,960.8858642578125,967.836,-6.950135742187513
tango_min,2,300,57,s57_n300,787.379638671875,573.663,213.716638671875
tango_min,2,400,57,s57_n400,679.7228393554688,764.149,-84.42616064453125
tango_min,2,500,57,s57_n500,1220.790771484375,1351.8,-131.00922851562495
tango_min,4,300,42,s42_n300,592.345703125,594.395,-2.049296874999982
tango_min,4,400,42,s42_n400,1067.1181640625,1054.0,13.1181640625
tango_min,4,500,42,s42_n500,1132.4813232421875,1019.84,112.64132324218747
tango_min,4,300,43,s43_n300,713.799560546875,602.574,111.22556054687504
tango_min,4,400,43,s43_n400,1182.589599609375,1031.48,151.10959960937498
tango_min,4,500,43,s43_n500,791.7198486328125,546.457,245.2628486328125
tango_min,4,300,44,s44_n300,819.276611328125,696.798,122.478611328125
tango_min,4,400,44,s44_n400,1626.0826416015625,1429.3,196.78264160156255
tango_min,4,500,44,s44_n500,1398.4034423828125,1559.48,-161.07655761718752
tango_min,4,300,45,s45_n300,678.513916015625,561.162,117.35191601562497
tango_min,4,400,45,s45_n400,816.7713012695312,828.752,-11.980698730468703
tango_min,4,500,45,s45_n500,1030.4346923828125,749.195,281.23969238281245
tango_min,4,300,46,s46_n300,756.0416870117188,473.314,282.72768701171873
tango_min,4,400,46,s46_n400,1429.565185546875,1836.27,-406.704814453125
tango_min,4,500,46,s46_n500,918.1639404296875,559.733,358.43094042968755
tango_min,4,300,47,s47_n300,597.416015625,536.032,61.38401562499996
tango_min,4,400,47,s47_n400,528.1661987304688,481.679,46.487198730468776
tango_min,4,500,47,s47_n500,1399.19677734375,1145.33,253.86677734375007
tango_min,4,300,48,s48_n300,712.004150390625,500.563,211.441150390625
tango_min,4,400,48,s48_n400,1051.176513671875,1041.29,9.886513671875036
tango_min,4,500,48,s48_n500,1292.73828125,1468.08,-175.34171874999993
tango_min,4,300,49,s49_n300,905.9512329101562,894.748,11.203232910156203
tango_min,4,400,49,s49_n400,705.6673583984375,643.448,62.21935839843752
tango_min,4,500,49,s49_n500,1161.985107421875,1000.18,161.80510742187505
tango_min,4,300,50,s50_n300,662.68701171875,585.598,77.08901171875004
tango_min,4,400,50,s50_n400,924.2942504882812,840.313,83.98125048828126
tango_min,4,500,50,s50_n500,871.0308837890625,949.704,-78.67311621093745
tango_min,4,300,51,s51_n300,640.7757568359375,500.204,140.5717568359375
tango_min,4,400,51,s51_n400,1077.662353515625,890.11,187.552353515625
tango_min,4,500,51,s51_n500,1519.6990966796875,1602.26,-82.56090332031249
tango_min,4,300,52,s52_n300,655.02734375,550.479,104.54834374999996
tango_min,4,400,52,s52_n400,1050.2557373046875,937.527,112.72873730468746
tango_min,4,500,52,s52_n500,1442.7940673828125,873.233,569.5610673828126
tango_min,4,300,53,s53_n300,748.7688598632812,473.759,275.00985986328124
tango_min,4,400,53,s53_n400,1029.225341796875,815.751,213.47434179687502
tango_min,4,500,53,s53_n500,1479.244873046875,1240.88,238.3648730468749
tango_min,4,300,54,s54_n300,1026.5977783203125,1077.12,-50.52222167968739
tango_min,4,400,54,s54_n400,821.5222778320312,906.769,-85.24672216796876
tango_min,4,500,54,s54_n500,1592.55908203125,1650.98,-58.42091796875002
tango_min,4,300,55,s55_n300,613.0347290039062,517.938,95.09672900390626
tango_min,4,400,55,s55_n400,998.2456665039062,887.094,111.1516665039062
tango_min,4,500,55,s55_n500,1293.5430908203125,1168.65,124.89309082031241
tango_min,4,300,56,s56_n300,837.95654296875,603.904,234.05254296875
tango_min,4,400,56,s56_n400,691.8546752929688,487.903,203.95167529296873
tango_min,4,500,56,s56_n500,936.5857543945312,945.832,-9.246245605468744
tango_min,4,300,57,s57_n300,764.3594970703125,571.422,192.93749707031247
tango_min,4,400,57,s57_n400,664.7440185546875,764.149,-99.4049814453125
tango_min,4,500,57,s57_n500,1195.3648681640625,1344.65,-149.2851318359376
tango_min,8,300,42,s42_n300,557.654296875,590.408,-32.753703125000015
tango_min,8,400,42,s42_n400,1030.43994140625,1044.48,-14.040058593750018
tango_min,8,500,42,s42_n500,1084.12744140625,1015.57,68.55744140624995
tango_min,8,300,43,s43_n300,680.393310546875,596.241,84.15231054687501
tango_min,8,400,43,s43_n400,1151.285400390625,1031.48,119.80540039062498
tango_min,8,500,43,s43_n500,764.945068359375,546.663,218.282068359375
tango_min,8,300,44,s44_n300,766.4967041015625,686.604,79.89270410156246
tango_min,8,400,44,s44_n400,1575.5966796875,1429.34,146.25667968750008
tango_min,8,500,44,s44_n500,1357.664306640625,1556.38,-198.7156933593751
tango_min,8,300,45,s45_n300,638.4329223632812,545.883,92.54992236328121
tango_min,8,400,45,s45_n400,774.3031005859375,813.138,-38.834899414062534
tango_min,8,500,45,s45_n500,999.7020263671875,749.152,250.55002636718746
tango_min,8,300,46,s46_n300,721.32958984375,473.201,248.12858984374998
tango_min,8,400,46,s46_n400,1386.321044921875,1836.27,-449.948955078125
tango_min,8,500,46,s46_n500,894.4458618164062,559.733,334.7128618164063
tango_min,8,300,47,s47_n300,554.5156860351562,524.912,29.603686035156215
tango_min,8,400,47,s47_n400,495.17376708984375,484.165,11.00876708984373
tango_min,8,500,47,s47_n500,1361.073974609375,1140.88,220.1939746093749
tango_min,8,300,48,s48_n300,673.4888916015625,522.777,150.71189160156246
tango_min,8,400,48,s48_n400,1008.7537231445312,1021.04,-12.286276855468714
tango_min,8,500,48,s48_n500,1245.1605224609375,1431.69,-186.52947753906255
tango_min,8,300,49,s49_n300,865.4515991210938,894.748,-29.296400878906297
tango_min,8,400,49,s49_n400,672.806396484375,643.445,29.36139648437495
tango_min,8,500,49,s49_n500,1110.453369140625,975.583,134.87036914062503
tango_min,8,300,50,s50_n300,633.399169921875,585.598,47.801169921875044
tango_min,8,400,50,s50_n400,872.5645751953125,838.254,34.31057519531248
tango_min,8,500,50,s50_n500,834.9872436523438,949.704,-114.7167563476562
tango_min,8,300,51,s51_n300,585.634765625,485.662,99.97276562500002
tango_min,8,400,51,s51_n400,1014.5096435546875,853.006,161.50364355468753
tango_min,8,500,51,s51_n500,1423.6510009765625,1625.51,-201.8589990234375
tango_min,8,300,52,s52_n300,613.421142578125,530.065,83.35614257812495
tango_min,8,400,52,s52_n400,1015.8590087890625,943.356,72.5030087890625
tango_min,8,500,52,s52_n500,1405.9163818359375,871.076,534.8403818359375
tango_min,8,300,53,s53_n300,709.4126586914062,474.955,234.45765869140627
tango_min,8,400,53,s53_n400,1006.7623901367188,811.117,195.6453901367188
tango_min,8,500,53,s53_n500,1417.877197265625,1248.23,169.64719726562498
tango_min,8,300,54,s54_n300,973.2223510742188,1026.82,-53.597648925781186
tango_min,8,400,54,s54_n400,748.0368041992188,850.711,-102.67419580078126
tango_min,8,500,54,s54_n500,1519.55859375,1555.71,-36.151406250000036
tango_min,8,300,55,s55_n300,580.476318359375,519.514,60.96231835937499
tango_min,8,400,55,s55_n400,950.6041259765625,880.976,69.6281259765625
tango_min,8,500,55,s55_n500,1222.80029296875,1098.13,124.67029296874989
tango_min,8,300,56,s56_n300,805.26220703125,612.983,192.27920703125005
tango_min,8,400,56,s56_n400,649.7764892578125,469.786,179.9904892578125
tango_min,8,500,56,s56_n500,867.9895629882812,918.07,-50.0804370117188
tango_min,8,300,57,s57_n300,699.6761474609375,502.48,197.19614746093748
tango_min,8,400,57,s57_n400,622.580810546875,763.884,-141.30318945312501
tango_min,8,500,57,s57_n500,1151.2562255859375,1343.13,-191.8737744140626
tango_min,16,300,42,s42_n300,473.21905517578125,546.949,-73.7299448242187
tango_min,16,400,42,s42_n400,952.3367919921875,1000.72,-48.38320800781253
tango_min,16,500,42,s42_n500,964.0223999023438,995.726,-31.70360009765625
tango_min,16,300,43,s43_n300,591.8709106445312,564.658,27.212910644531235
tango_min,16,400,43,s43_n400,1064.4949951171875,1001.48,63.01499511718748
tango_min,16,500,43,s43_n500,703.1192016601562,546.215,156.90420166015622
tango_min,16,300,44,s44_n300,706.0484619140625,692.669,13.379461914062517
tango_min,16,400,44,s44_n400,1481.589599609375,1429.34,52.24959960937508
tango_min,16,500,44,s44_n500,1250.71337890625,1489.75,-239.03662109375
tango_min,16,300,45,s45_n300,548.4354248046875,521.716,26.719424804687492
tango_min,16,400,45,s45_n400,669.9456176757812,777.993,-108.0473823242188
tango_min,16,500,45,s45_n500,941.460693359375,749.152,192.30869335937496
tango_min,16,300,46,s46_n300,617.003662109375,446.42,170.58366210937498
tango_min,16,400,46,s46_n400,1287.0810546875,1792.16,-505.0789453125001
tango_min,16,500,46,s46_n500,844.3655395507812,559.733,284.6325395507813
tango_min,16,300,47,s47_n300,494.7147216796875,517.935,-23.220278320312445
tango_min,16,400,47,s47_n400,420.2117919921875,469.349,-49.13720800781249
tango_min,16,500,47,s47_n500,1252.0810546875,1091.81,160.27105468750005
tango_min,16,300,48,s48_n300,546.9381103515625,462.459,84.4791103515625
tango_min,16,400,48,s48_n400,913.3335571289062,922.596,-9.262442871093754
tango_min,16,500,48,s48_n500,1152.824951171875,1302.57,-149.74504882812494
tango_min,16,300,49,s49_n300,774.8607788085938,894.748,-119.8872211914063
tango_min,16,400,49,s49_n400,594.501220703125,619.168,-24.666779296875006
tango_min,16,500,49,s49_n500,1006.0045776367188,922.996,83.00857763671877
tango_min,16,300,50,s50_n300,570.96923828125,583.728,-12.758761718749952
tango_min,16,400,50,s50_n400,739.20263671875,799.223,-60.020363281249956
tango_min,16,500,50,s50_n500,768.0400390625,949.704,-181.66396093749995
tango_min,16,300,51,s51_n300,506.0614929199219,449.552,56.509492919921854
tango_min,16,400,51,s51_n400,896.67236328125,807.499,89.17336328124998
tango_min,16,500,51,s51_n500,1210.72412109375,1518.87,-308.1458789062499
tango_min,16,300,52,s52_n300,507.76873779296875,469.303,38.46573779296875
tango_min,16,400,52,s52_n400,918.3143310546875,879.652,38.662331054687456
tango_min,16,500,52,s52_n500,1335.577392578125,871.305,464.27239257812505
tango_min,16,300,53,s53_n300,620.592529296875,476.393,144.19952929687503
tango_min,16,400,53,s53_n400,892.3131103515625,791.438,100.87511035156251
tango_min,16,500,53,s53_n500,1312.16845703125,1192.97,119.19845703124997
tango_min,16,300,54,s54_n300,862.5662841796875,995.569,-133.00271582031246
tango_min,16,400,54,s54_n400,655.99658203125,838.076,-182.07941796875002
tango_min,16,500,54,s54_n500,1364.770751953125,1185.42,179.35075195312493
tango_min,16,300,55,s55_n300,490.0652770996094,490.606,-0.5407229003906195
tango_min,16,400,55,s55_n400,854.7265625,845.913,8.813562499999989
tango_min,16,500,55,s55_n500,1109.9246826171875,1047.91,62.01468261718742
tango_min,16,300,56,s56_n300,723.9967041015625,569.786,154.21070410156256
tango_min,16,400,56,s56_n400,595.9926147460938,438.611,157.38161474609376
tango_min,16,500,56,s56_n500,769.5172119140625,905.012,-135.49478808593744
tango_min,16,300,57,s57_n300,600.7628173828125,498.714,102.0488173828125
tango_min,16,400,57,s57_n400,567.536376953125,766.484,-198.94762304687504
tango_min,16,500,57,s57_n500,1059.5419921875,1312.41,-252.86800781250008
