r2_mean,r2_std,mae_mean,mae_std,n_train,n_test,probe_type,property,t,t_convention,input_variant
-0.2005945753256059,0.14112904646671087,0.24018938820235963,0.02823030893303206,192,48,linear,net_charge,0.3,"code (0=noise, 1=clean)",latent_only
-0.5632534742355346,0.46895994438298294,0.25815038979053495,0.03232280129549769,192,48,mlp,net_charge,0.3,"code (0=noise, 1=clean)",latent_only
-0.4425482749938965,0.3676796949431789,0.2531158268451691,0.018490082259081334,192,48,knn,net_charge,0.3,"code (0=noise, 1=clean)",latent_only
-0.460357362011574,0.23613766906885214,0.2567312555392721,0.026127813049431743,192,48,linear,net_charge,0.3,"code (0=noise, 1=clean)",latent_plus_backbone
-3.250759172439575,3.1880384730687696,0.38179712891578677,0.070783236789858,192,48,mlp,net_charge,0.3,"code (0=noise, 1=clean)",latent_plus_backbone
-0.5781805515289307,0.3627082132312464,0.26596524119377135,0.020935198407852153,192,48,knn,net_charge,0.3,"code (0=noise, 1=clean)",latent_plus_backbone
-0.32867342592004783,0.3163054072520749,0.241717839402687,0.030911067461865383,192,48,linear,net_charge,0.5,"code (0=noise, 1=clean)",latent_only
-0.6431215524673461,0.2744696627316562,0.26947936713695525,0.029940769611750177,192,48,mlp,net_charge,0.5,"code (0=noise, 1=clean)",latent_only
-0.31692311763763426,0.12619489664470684,0.23888104856014253,0.029700770851300587,192,48,knn,net_charge,0.5,"code (0=noise, 1=clean)",latent_only
-0.5869904894040905,0.3388885602885869,0.26154202215830125,0.035581061425906224,192,48,linear,net_charge,0.5,"code (0=noise, 1=clean)",latent_plus_backbone
-1.9817051410675048,1.4085229564633834,0.34105224609375,0.028605153248685285,192,48,mlp,net_charge,0.5,"code (0=noise, 1=clean)",latent_plus_backbone
-0.6967046976089477,0.29833825491196814,0.27292104363441466,0.026454825736163045,192,48,knn,net_charge,0.5,"code (0=noise, 1=clean)",latent_plus_backbone
-0.47706313501840664,0.7773911492367136,0.2393613435168546,0.043321179170801,192,48,linear,net_charge,0.8,"code (0=noise, 1=clean)",latent_only
-0.9317332983016968,0.9585199058878072,0.27373956739902494,0.06170984624960703,192,48,mlp,net_charge,0.8,"code (0=noise, 1=clean)",latent_only
-0.6356059074401855,0.36888355229942166,0.2711045205593109,0.022349570701263043,192,48,knn,net_charge,0.8,"code (0=noise, 1=clean)",latent_only
-1.035102691038855,1.0010736209158495,0.27289016232602037,0.04619838505579171,192,48,linear,net_charge,0.8,"code (0=noise, 1=clean)",latent_plus_backbone
-1.5405105233192444,1.6273207214015868,0.3252857536077499,0.0751283822845447,192,48,mlp,net_charge,0.8,"code (0=noise, 1=clean)",latent_plus_backbone
-0.8677172660827637,0.35339561765231214,0.291681569814682,0.02212524277103964,192,48,knn,net_charge,0.8,"code (0=noise, 1=clean)",latent_plus_backbone
-0.6828838161486528,1.1640267915565143,0.25312398620461807,0.030910820112394908,24,6,linear,net_charge,1.0,"code (0=noise, 1=clean)",latent_only
-1.0225305318832398,0.9373444280550991,0.2986730247735977,0.09943673717347694,24,6,mlp,net_charge,1.0,"code (0=noise, 1=clean)",latent_only
-0.195181143283844,0.17669455562474112,0.23274674415588378,0.034540229060183496,24,6,knn,net_charge,1.0,"code (0=noise, 1=clean)",latent_only
-0.2634382683332007,0.21365732529042755,0.2424876404638733,0.02821574896416319,24,6,linear,net_charge,1.0,"code (0=noise, 1=clean)",latent_plus_backbone
-2.7881933450698853,1.8146378418396405,0.40485348701477053,0.06001185093238471,24,6,mlp,net_charge,1.0,"code (0=noise, 1=clean)",latent_plus_backbone
-0.21058735847473145,0.0903891533691405,0.2296426922082901,0.0345008923132988,24,6,knn,net_charge,1.0,"code (0=noise, 1=clean)",latent_plus_backbone
0.17906733601832997,0.012312527719136178,0.6963085913623119,0.03384201700064254,9459,2364,linear,iupred3,0.3,"code (0=noise, 1=clean)",latent_only
0.1705561399459839,0.013800009570361494,0.6994105577468872,0.03344665571508569,9459,2364,mlp,iupred3,0.3,"code (0=noise, 1=clean)",latent_only
0.08518786430358886,0.01930205036077399,0.7345704793930053,0.03210829866107891,9459,2364,knn,iupred3,0.3,"code (0=noise, 1=clean)",latent_only
0.17727550247797738,0.010793249659683493,0.6973322511324884,0.03363918469903935,9459,2364,linear,iupred3,0.3,"code (0=noise, 1=clean)",latent_plus_backbone
0.16348397731781006,0.016095046246620337,0.7028343796730041,0.031509236016394465,9459,2364,mlp,iupred3,0.3,"code (0=noise, 1=clean)",latent_plus_backbone
0.06732721328735351,0.01932581052346213,0.7433667659759522,0.034182240118249135,9459,2364,knn,iupred3,0.3,"code (0=noise, 1=clean)",latent_plus_backbone
0.44853116188427106,0.030365876171499242,0.5703240117064055,0.02376744309146265,9459,2364,linear,iupred3,0.5,"code (0=noise, 1=clean)",latent_only
0.44233413934707644,0.03249264572461276,0.5730769634246826,0.024308722909161123,9459,2364,mlp,iupred3,0.5,"code (0=noise, 1=clean)",latent_only
0.3804862260818481,0.02669038005509248,0.6047198653221131,0.02590260508049079,9459,2364,knn,iupred3,0.5,"code (0=noise, 1=clean)",latent_only
0.44790703668307363,0.02999402247725726,0.5704135079754352,0.023534005476071106,9459,2364,linear,iupred3,0.5,"code (0=noise, 1=clean)",latent_plus_backbone
0.43385460376739504,0.028712109876832353,0.5774137735366821,0.025144136153218182,9459,2364,mlp,iupred3,0.5,"code (0=noise, 1=clean)",latent_plus_backbone
0.35925530195236205,0.024432786089534628,0.6168299555778504,0.02782503153797293,9459,2364,knn,iupred3,0.5,"code (0=noise, 1=clean)",latent_plus_backbone
0.6899198339304642,0.01923233694027171,0.4250437795761113,0.01307708691915244,9459,2364,linear,iupred3,0.8,"code (0=noise, 1=clean)",latent_only
0.6735037326812744,0.020434762477512806,0.43667452335357665,0.014902178172701076,9459,2364,mlp,iupred3,0.8,"code (0=noise, 1=clean)",latent_only
0.6098851203918457,0.02253826297169655,0.4804730713367462,0.011464842385899543,9459,2364,knn,iupred3,0.8,"code (0=noise, 1=clean)",latent_only
0.689483044761153,0.018983368881366813,0.42479368074879564,0.013453081858988431,9459,2364,linear,iupred3,0.8,"code (0=noise, 1=clean)",latent_plus_backbone
0.6230032563209533,0.010541966786842143,0.46809006929397584,0.01769527506615969,9459,2364,mlp,iupred3,0.8,"code (0=noise, 1=clean)",latent_plus_backbone
0.5367664217948913,0.03527619070012955,0.5209560990333557,0.021613111751524305,9459,2364,knn,iupred3,0.8,"code (0=noise, 1=clean)",latent_plus_backbone
0.7207096008592433,0.014951998548390596,0.4002009339724234,0.015685799000799038,1182,295,linear,iupred3,1.0,"code (0=noise, 1=clean)",latent_only
0.698896336555481,0.01867166310645673,0.4174800992012024,0.01273360067564566,1182,295,mlp,iupred3,1.0,"code (0=noise, 1=clean)",latent_only
0.6635549902915955,0.015783016660200648,0.446840500831604,0.02019738891555515,1182,295,knn,iupred3,1.0,"code (0=noise, 1=clean)",latent_only
0.7201695155234258,0.014806034636551696,0.4000303131191211,0.016065360004930553,1182,295,linear,iupred3,1.0,"code (0=noise, 1=clean)",latent_plus_backbone
0.6911802768707276,0.027889595167002106,0.42374982833862307,0.014482591833965231,1182,295,mlp,iupred3,1.0,"code (0=noise, 1=clean)",latent_plus_backbone
0.6299379706382752,0.021144552919271316,0.46557202339172366,0.0268399127055563,1182,295,knn,iupred3,1.0,"code (0=noise, 1=clean)",latent_plus_backbone
0.17844918815909167,0.02419326453174059,0.706098200474767,0.030441787644093034,9459,2364,linear,camsol_intrinsic,0.3,"code (0=noise, 1=clean)",latent_only
0.1708223342895508,0.02530663547890054,0.7099139332771301,0.030496296940474503,9459,2364,mlp,camsol_intrinsic,0.3,"code (0=noise, 1=clean)",latent_only
0.08198391199111939,0.016470208021542313,0.7472356677055358,0.038151492417199624,9459,2364,knn,camsol_intrinsic,0.3,"code (0=noise, 1=clean)",latent_only
0.17678361068258347,0.024581602060449584,0.7066358157161325,0.03069943559730577,9459,2364,linear,camsol_intrinsic,0.3,"code (0=noise, 1=clean)",latent_plus_backbone
0.16217234134674072,0.027118195711645258,0.7130870699882508,0.02879811077891458,9459,2364,mlp,camsol_intrinsic,0.3,"code (0=noise, 1=clean)",latent_plus_backbone
0.06941009759902954,0.025951622975740066,0.7547074675559997,0.035474128348258464,9459,2364,knn,camsol_intrinsic,0.3,"code (0=noise, 1=clean)",latent_plus_backbone
0.4578611075795651,0.04218418749863187,0.5668362950499463,0.0161118972218246,9459,2364,linear,camsol_intrinsic,0.5,"code (0=noise, 1=clean)",latent_only
0.4478000164031982,0.04347146938205627,0.5717906713485718,0.01690373539926467,9459,2364,mlp,camsol_intrinsic,0.5,"code (0=noise, 1=clean)",latent_only
0.38446037769317626,0.037964524443091716,0.6055301427841187,0.020257295239914208,9459,2364,knn,camsol_intrinsic,0.5,"code (0=noise, 1=clean)",latent_only
0.45731093896038644,0.04210408267426121,0.5670864358063541,0.016347106104946107,9459,2364,linear,camsol_intrinsic,0.5,"code (0=noise, 1=clean)",latent_plus_backbone
0.4403922915458679,0.045753197332324046,0.576752531528473,0.016616354608243938,9459,2364,mlp,camsol_intrinsic,0.5,"code (0=noise, 1=clean)",latent_plus_backbone
0.3547624945640564,0.03360789302496859,0.6234619140625,0.01994090335018117,9459,2364,knn,camsol_intrinsic,0.5,"code (0=noise, 1=clean)",latent_plus_backbone
0.6974498369560436,0.034927728447818066,0.42375659184976716,0.010878978481227345,9459,2364,linear,camsol_intrinsic,0.8,"code (0=noise, 1=clean)",latent_only
0.6839881896972656,0.0311408940415451,0.43407473564147947,0.010923299233295533,9459,2364,mlp,camsol_intrinsic,0.8,"code (0=noise, 1=clean)",latent_only
0.6194126605987549,0.03395062829886559,0.4777051568031311,0.009771757372181172,9459,2364,knn,camsol_intrinsic,0.8,"code (0=noise, 1=clean)",latent_only
0.6970746800449985,0.03499767157618676,0.42409977402624544,0.010991550000972756,9459,2364,linear,camsol_intrinsic,0.8,"code (0=noise, 1=clean)",latent_plus_backbone
0.6202723145484924,0.039309100882496464,0.4741598546504974,0.019856712582880888,9459,2364,mlp,camsol_intrinsic,0.8,"code (0=noise, 1=clean)",latent_plus_backbone
0.5627091884613037,0.032805906344476915,0.508746612071991,0.015271469820957109,9459,2364,knn,camsol_intrinsic,0.8,"code (0=noise, 1=clean)",latent_plus_backbone
0.7265615153418528,0.038769024873703255,0.40174453347960215,0.01869352876906029,1182,295,linear,camsol_intrinsic,1.0,"code (0=noise, 1=clean)",latent_only
0.7137905716896057,0.03551614021733253,0.4132109940052032,0.013672658803575542,1182,295,mlp,camsol_intrinsic,1.0,"code (0=noise, 1=clean)",latent_only
0.6757699966430664,0.022871798250848247,0.4406082272529602,0.014344318585222851,1182,295,knn,camsol_intrinsic,1.0,"code (0=noise, 1=clean)",latent_only
0.7262865566188199,0.03886999792369382,0.40220563114182317,0.0188625192985125,1182,295,linear,camsol_intrinsic,1.0,"code (0=noise, 1=clean)",latent_plus_backbone
0.7029375553131103,0.028372028525688986,0.419171416759491,0.015804326860107517,1182,295,mlp,camsol_intrinsic,1.0,"code (0=noise, 1=clean)",latent_plus_backbone
0.6455580472946167,0.014226426060279332,0.4608481407165527,0.01961758599501946,1182,295,knn,camsol_intrinsic,1.0,"code (0=noise, 1=clean)",latent_plus_backbone
0.165530935791323,0.016492943151628074,0.6975975862777354,0.024633577319147282,9459,2364,linear,tango,0.3,"code (0=noise, 1=clean)",latent_only
0.15638082027435302,0.016179839902021306,0.7013753414154053,0.024778506560577725,9459,2364,mlp,tango,0.3,"code (0=noise, 1=clean)",latent_only
0.07711308002471924,0.01910483842968281,0.7343863606452942,0.029072275076008996,9459,2364,knn,tango,0.3,"code (0=noise, 1=clean)",latent_only
0.1641925870252907,0.017534338390061324,0.6980857457908682,0.0246508055978473,9459,2364,linear,tango,0.3,"code (0=noise, 1=clean)",latent_plus_backbone
0.14805587530136108,0.020156660246946317,0.7055076837539673,0.024912879821686235,9459,2364,mlp,tango,0.3,"code (0=noise, 1=clean)",latent_plus_backbone
0.05957515239715576,0.025545593672048544,0.7390878677368165,0.024768486116442966,9459,2364,knn,tango,0.3,"code (0=noise, 1=clean)",latent_plus_backbone
0.4481763363001476,0.03692218565013689,0.5672338190856759,0.016408524150273,9459,2364,linear,tango,0.5,"code (0=noise, 1=clean)",latent_only
0.43867863416671754,0.03796293493621992,0.5720012068748475,0.016412054844139125,9459,2364,mlp,tango,0.5,"code (0=noise, 1=clean)",latent_only
0.3778201103210449,0.031165580443562116,0.6016152858734131,0.014579311380715615,9459,2364,knn,tango,0.5,"code (0=noise, 1=clean)",latent_only
0.44687479419665593,0.0378303397851646,0.5679959635346097,0.016615997265314663,9459,2364,linear,tango,0.5,"code (0=noise, 1=clean)",latent_plus_backbone
0.4292166233062744,0.03460002977161852,0.5770800590515137,0.012840879854924717,9459,2364,mlp,tango,0.5,"code (0=noise, 1=clean)",latent_plus_backbone
0.35251139402389525,0.02816625779762009,0.6144787549972535,0.01733614061494641,9459,2364,knn,tango,0.5,"code (0=noise, 1=clean)",latent_plus_backbone
0.6938520087643472,0.034817077236725745,0.4159498290930843,0.02105034122539266,9459,2364,linear,tango,0.8,"code (0=noise, 1=clean)",latent_only
0.6668664693832398,0.03391271223586238,0.43429399728775026,0.02159997842287352,9459,2364,mlp,tango,0.8,"code (0=noise, 1=clean)",latent_only
0.611252760887146,0.03637464819966541,0.4729164481163025,0.017527426855757908,9459,2364,knn,tango,0.8,"code (0=noise, 1=clean)",latent_only
0.6929032560473208,0.035497189218285784,0.41661069760446356,0.021183162952882282,9459,2364,linear,tango,0.8,"code (0=noise, 1=clean)",latent_plus_backbone
0.60972740650177,0.03203254298022744,0.47051467299461364,0.022069780848331774,9459,2364,mlp,tango,0.8,"code (0=noise, 1=clean)",latent_plus_backbone
0.5507583379745483,0.039770553608274535,0.5077458500862122,0.01880188694184062,9459,2364,knn,tango,0.8,"code (0=noise, 1=clean)",latent_plus_backbone
0.7243185674297223,0.033977863474189164,0.39345318449907685,0.023825655426181303,1182,295,linear,tango,1.0,"code (0=noise, 1=clean)",latent_only
0.7000155210494995,0.039230287375035186,0.4109589338302612,0.02844323314751047,1182,295,mlp,tango,1.0,"code (0=noise, 1=clean)",latent_only
0.6607026815414428,0.024890594707827937,0.44099096655845643,0.015330997393803803,1182,295,knn,tango,1.0,"code (0=noise, 1=clean)",latent_only
0.7233606072954977,0.034508108995977435,0.39461305905764477,0.02356902455636853,1182,295,linear,tango,1.0,"code (0=noise, 1=clean)",latent_plus_backbone
0.6866988897323608,0.033729260722261505,0.4194147944450378,0.020092126955144944,1182,295,mlp,tango,1.0,"code (0=noise, 1=clean)",latent_plus_backbone
0.6349166393280029,0.030296903023146964,0.4594930946826935,0.019004965555156614,1182,295,knn,tango,1.0,"code (0=noise, 1=clean)",latent_plus_backbone
0.18092531632658235,0.0266676265372697,0.6915294845032693,0.026893485766458523,9459,2364,linear,canya,0.3,"code (0=noise, 1=clean)",latent_only
0.17512227296829225,0.02824435695894162,0.6938658595085144,0.026994886233998826,9459,2364,mlp,canya,0.3,"code (0=noise, 1=clean)",latent_only
0.09477741718292236,0.02113334908726989,0.7246965408325196,0.030903954306560365,9459,2364,knn,canya,0.3,"code (0=noise, 1=clean)",latent_only
0.17959900377523944,0.026164962229590947,0.691994829413553,0.026722273704524714,9459,2364,linear,canya,0.3,"code (0=noise, 1=clean)",latent_plus_backbone
0.16604347229003907,0.025527858744457278,0.697335147857666,0.026492851766798865,9459,2364,mlp,canya,0.3,"code (0=noise, 1=clean)",latent_plus_backbone
0.08885233402252198,0.01721602591243153,0.7293486714363098,0.031939946923720555,9459,2364,knn,canya,0.3,"code (0=noise, 1=clean)",latent_plus_backbone
0.4593416868453234,0.03690396114252071,0.559154772359483,0.012341767526765045,9459,2364,linear,canya,0.5,"code (0=noise, 1=clean)",latent_only
0.45344520807266236,0.03841313782856576,0.5621609807014465,0.011973407149832378,9459,2364,mlp,canya,0.5,"code (0=noise, 1=clean)",latent_only
0.38167438507080076,0.033981080177848254,0.5992327570915222,0.014182370485393286,9459,2364,knn,canya,0.5,"code (0=noise, 1=clean)",latent_only
0.45848682665382584,0.036779602164945115,0.5597416835796458,0.012802023778297903,9459,2364,linear,canya,0.5,"code (0=noise, 1=clean)",latent_plus_backbone
0.4456396222114563,0.03494609284077297,0.567612886428833,0.013724277099615656,9459,2364,mlp,canya,0.5,"code (0=noise, 1=clean)",latent_plus_backbone
0.3621997833251953,0.03378442999412808,0.6094472527503967,0.017720760006774736,9459,2364,knn,canya,0.5,"code (0=noise, 1=clean)",latent_plus_backbone
0.6945734421291508,0.04197605458654487,0.4187010732202781,0.013998747253487287,9459,2364,linear,canya,0.8,"code (0=noise, 1=clean)",latent_only
0.6738780736923218,0.045428968344399585,0.43076338768005373,0.011578637307347366,9459,2364,mlp,canya,0.8,"code (0=noise, 1=clean)",latent_only
0.6068324089050293,0.049707166512515374,0.47101999521255494,0.009003018772376596,9459,2364,knn,canya,0.8,"code (0=noise, 1=clean)",latent_only
0.6935171873773724,0.042205938239746936,0.41946930856860964,0.014253751716091013,9459,2364,linear,canya,0.8,"code (0=noise, 1=clean)",latent_plus_backbone
0.6206360816955566,0.04819983582007128,0.46612333655357363,0.012246256243279395,9459,2364,mlp,canya,0.8,"code (0=noise, 1=clean)",latent_plus_backbone
0.5631362438201905,0.04984301030333392,0.49550300240516665,0.010059251236297726,9459,2364,knn,canya,0.8,"code (0=noise, 1=clean)",latent_plus_backbone
0.7207928947440632,0.037875892361168624,0.4006645756299145,0.016723087494065567,1182,295,linear,canya,1.0,"code (0=noise, 1=clean)",latent_only
0.7053689122200012,0.037622458341335645,0.41178551912307737,0.013101479089100932,1182,295,mlp,canya,1.0,"code (0=noise, 1=clean)",latent_only
0.6609855175018311,0.030480557115281588,0.43710134029388426,0.004789822097337614,1182,295,knn,canya,1.0,"code (0=noise, 1=clean)",latent_only
0.7196308948299168,0.03828443276193151,0.40142531125288833,0.016877583936413063,1182,295,linear,canya,1.0,"code (0=noise, 1=clean)",latent_plus_backbone
0.6833047151565552,0.04641326299388191,0.42380982637405396,0.017744230056955527,1182,295,mlp,canya,1.0,"code (0=noise, 1=clean)",latent_plus_backbone
0.6451633095741272,0.023892240351734744,0.4501109063625336,0.005464289502522934,1182,295,knn,canya,1.0,"code (0=noise, 1=clean)",latent_plus_backbone
0.17933458190315718,0.016531016787936014,0.680869481251723,0.031196913848227262,9459,2364,linear,swi,0.3,"code (0=noise, 1=clean)",latent_only
0.17142724990844727,0.017665492978332097,0.6843910336494445,0.030703528398182228,9459,2364,mlp,swi,0.3,"code (0=noise, 1=clean)",latent_only
0.09471645355224609,0.024860404118690265,0.7184670686721801,0.03336994707467398,9459,2364,knn,swi,0.3,"code (0=noise, 1=clean)",latent_only
0.17846470592126398,0.018259790960380017,0.6806335291002403,0.03085063703502797,9459,2364,linear,swi,0.3,"code (0=noise, 1=clean)",latent_plus_backbone
0.1599388003349304,0.020634212512649054,0.6901933312416076,0.02950180341651954,9459,2364,mlp,swi,0.3,"code (0=noise, 1=clean)",latent_plus_backbone
0.07605248689651489,0.020672869725598578,0.7251563787460327,0.03259139925012483,9459,2364,knn,swi,0.3,"code (0=noise, 1=clean)",latent_plus_backbone
0.4549617787433857,0.026901623596651866,0.559195686371088,0.022068831057726057,9459,2364,linear,swi,0.5,"code (0=noise, 1=clean)",latent_only
0.4483534812927246,0.02742804225098024,0.5617174506187439,0.02189312158842692,9459,2364,mlp,swi,0.5,"code (0=noise, 1=clean)",latent_only
0.3786921501159668,0.02818060488312536,0.594306230545044,0.029727829431827415,9459,2364,knn,swi,0.5,"code (0=noise, 1=clean)",latent_only
0.453732478604817,0.02673677918037459,0.5597528481655911,0.02084439993046018,9459,2364,linear,swi,0.5,"code (0=noise, 1=clean)",latent_plus_backbone
0.4392947435379028,0.02011631540710451,0.5667710185050965,0.021742616590800925,9459,2364,mlp,swi,0.5,"code (0=noise, 1=clean)",latent_plus_backbone
0.3547665596008301,0.015306665642249681,0.6062726378440857,0.026103635381661827,9459,2364,knn,swi,0.5,"code (0=noise, 1=clean)",latent_plus_backbone
0.6922684477565275,0.022788490486340945,0.4181777777114598,0.013594284081258437,9459,2364,linear,swi,0.8,"code (0=noise, 1=clean)",latent_only
0.6746020674705505,0.02027931305938994,0.43014779686927795,0.014859914845505815,9459,2364,mlp,swi,0.8,"code (0=noise, 1=clean)",latent_only
0.6026939988136292,0.019772745919600765,0.4744130611419678,0.01641659911352881,9459,2364,knn,swi,0.8,"code (0=noise, 1=clean)",latent_only
0.6911090421666094,0.02412199643461257,0.419149165617433,0.01302000989577435,9459,2364,linear,swi,0.8,"code (0=noise, 1=clean)",latent_plus_backbone
0.6031132340431213,0.026819893145598964,0.4745818793773651,0.017122571288442568,9459,2364,mlp,swi,0.8,"code (0=noise, 1=clean)",latent_plus_backbone
0.5556371927261352,0.012947395696662142,0.5005437910556794,0.01918369507165988,9459,2364,knn,swi,0.8,"code (0=noise, 1=clean)",latent_plus_backbone
0.7195749655455836,0.019149855813771686,0.3987816601948014,0.015034022133997084,1182,295,linear,swi,1.0,"code (0=noise, 1=clean)",latent_only
0.7017194509506226,0.014318952104976064,0.40992975831031797,0.01610377267318501,1182,295,mlp,swi,1.0,"code (0=noise, 1=clean)",latent_only
0.653084135055542,0.015259125752133784,0.44194788336753843,0.01690982862938454,1182,295,knn,swi,1.0,"code (0=noise, 1=clean)",latent_only
0.7184534649262011,0.020406735782167344,0.39947940396633747,0.014508185736732699,1182,295,linear,swi,1.0,"code (0=noise, 1=clean)",latent_plus_backbone
0.6879435777664185,0.015688791786485027,0.4215414524078369,0.013886404571462122,1182,295,mlp,swi,1.0,"code (0=noise, 1=clean)",latent_plus_backbone
0.6329790353775024,0.007942222114924962,0.45326972007751465,0.022483010389480428,1182,295,knn,swi,1.0,"code (0=noise, 1=clean)",latent_plus_backbone
0.17184071683062901,0.025683597037650698,0.7226383268913354,0.014065929854488955,9459,2364,linear,sap,0.3,"code (0=noise, 1=clean)",latent_only
0.16618745326995848,0.025869810902601813,0.72584547996521,0.013971613680770418,9459,2364,mlp,sap,0.3,"code (0=noise, 1=clean)",latent_only
0.08197200298309326,0.02365162309250302,0.7609029054641724,0.018740913684191816,9459,2364,knn,sap,0.3,"code (0=noise, 1=clean)",latent_only
0.17131633360712165,0.02481795590197902,0.7231582196340076,0.014605173893531246,9459,2364,linear,sap,0.3,"code (0=noise, 1=clean)",latent_plus_backbone
0.15616098642349244,0.025649165571945746,0.7289011955261231,0.014563323390315375,9459,2364,mlp,sap,0.3,"code (0=noise, 1=clean)",latent_plus_backbone
0.06525646448135376,0.0242424081714182,0.7677686333656311,0.013675286057061035,9459,2364,knn,sap,0.3,"code (0=noise, 1=clean)",latent_plus_backbone
0.45974413618181414,0.0366592603763438,0.5804053447827681,0.007561221541306409,9459,2364,linear,sap,0.5,"code (0=noise, 1=clean)",latent_only
0.45320656299591067,0.03424606055128668,0.5845025420188904,0.006685991828496931,9459,2364,mlp,sap,0.5,"code (0=noise, 1=clean)",latent_only
0.3877495527267456,0.03251570528552771,0.6176608681678772,0.008473250814658969,9459,2364,knn,sap,0.5,"code (0=noise, 1=clean)",latent_only
0.46005513405613,0.03650412179550969,0.5805584624111562,0.006505126473187231,9459,2364,linear,sap,0.5,"code (0=noise, 1=clean)",latent_plus_backbone
0.44385806322097776,0.029767074547818503,0.5893468141555787,0.007456994337126616,9459,2364,mlp,sap,0.5,"code (0=noise, 1=clean)",latent_plus_backbone
0.36526859998703004,0.02920927651295354,0.6305954575538635,0.009968811419219601,9459,2364,knn,sap,0.5,"code (0=noise, 1=clean)",latent_plus_backbone
0.6977617363500164,0.02700490870687141,0.4395760091332529,0.009749782592315502,9459,2364,linear,sap,0.8,"code (0=noise, 1=clean)",latent_only
0.6813962459564209,0.02408591313431777,0.45172576904296874,0.007060976044585775,9459,2364,mlp,sap,0.8,"code (0=noise, 1=clean)",latent_only
0.6115458369255066,0.03768596851460025,0.49729621410369873,0.008704193206477093,9459,2364,knn,sap,0.8,"code (0=noise, 1=clean)",latent_only
0.6980311859691299,0.026881725429435593,0.4395463549512776,0.009727490296357808,9459,2364,linear,sap,0.8,"code (0=noise, 1=clean)",latent_plus_backbone
0.6320916652679444,0.029236155129097344,0.4808255672454834,0.013137368211417644,9459,2364,mlp,sap,0.8,"code (0=noise, 1=clean)",latent_plus_backbone
0.5630928039550781,0.030662217884229483,0.5239335775375367,0.009881874022485804,9459,2364,knn,sap,0.8,"code (0=noise, 1=clean)",latent_plus_backbone
0.7315930153289307,0.023984328621474236,0.4148711586175871,0.010630772554692585,1182,295,linear,sap,1.0,"code (0=noise, 1=clean)",latent_only
0.7123178720474244,0.017740366978379184,0.42866013050079343,0.009426982912541603,1182,295,mlp,sap,1.0,"code (0=noise, 1=clean)",latent_only
0.67032390832901,0.03201318470313441,0.4622710824012756,0.009699821839616884,1182,295,knn,sap,1.0,"code (0=noise, 1=clean)",latent_only
0.7315947045475386,0.024016426797952684,0.41499053957437637,0.01016387846269761,1182,295,linear,sap,1.0,"code (0=noise, 1=clean)",latent_plus_backbone
0.7014975190162659,0.026462653654377433,0.43477370738983157,0.006278558849852505,1182,295,mlp,sap,1.0,"code (0=noise, 1=clean)",latent_plus_backbone
0.6481163263320923,0.022447349041815223,0.47019394040107726,0.008926533345854396,1182,295,knn,sap,1.0,"code (0=noise, 1=clean)",latent_plus_backbone
-0.32825341496931115,0.4737232652521252,0.31361642530798384,0.06977483542508241,192,48,linear,rg,0.3,"code (0=noise, 1=clean)",latent_only
-0.6583247900009155,0.8639511011958712,0.3243007272481918,0.053806320385942484,192,48,mlp,rg,0.3,"code (0=noise, 1=clean)",latent_only
-0.5218116402626037,0.6698296288718283,0.32049848437309264,0.06001934145265341,192,48,knn,rg,0.3,"code (0=noise, 1=clean)",latent_only
-0.4350649732598207,0.5585309584156576,0.3197422737307577,0.11340954447666991,192,48,linear,rg,0.3,"code (0=noise, 1=clean)",latent_plus_backbone
-1.566633653640747,1.3087650794589443,0.40389888286590575,0.12107688347182116,192,48,mlp,rg,0.3,"code (0=noise, 1=clean)",latent_plus_backbone
-0.6349111557006836,0.7774466270167459,0.32673191130161283,0.06891533204876692,192,48,knn,rg,0.3,"code (0=noise, 1=clean)",latent_plus_backbone
-0.3343391189779802,0.4618399016785051,0.313085588579016,0.0763093241240645,192,48,linear,rg,0.5,"code (0=noise, 1=clean)",latent_only
-0.7094334840774537,0.5656504686203544,0.339662504196167,0.06015064897139576,192,48,mlp,rg,0.5,"code (0=noise, 1=clean)",latent_only
-0.6060167908668518,0.8706871044160661,0.319595593214035,0.05335538438734223,192,48,knn,rg,0.5,"code (0=noise, 1=clean)",latent_only
-0.7619562009426064,0.9763913546689874,0.34736217156075727,0.1033388844323752,192,48,linear,rg,0.5,"code (0=noise, 1=clean)",latent_plus_backbone
-1.6827461481094361,2.1436780745853876,0.383972579240799,0.05824672149643296,192,48,mlp,rg,0.5,"code (0=noise, 1=clean)",latent_plus_backbone
-0.4761083245277405,0.6713450506865798,0.3125199854373932,0.0748063166871055,192,48,knn,rg,0.5,"code (0=noise, 1=clean)",latent_plus_backbone
-0.42495315295611674,0.8859808675402822,0.2859355147763467,0.0537696470862924,192,48,linear,rg,0.8,"code (0=noise, 1=clean)",latent_only
-1.298023772239685,1.4296902124178232,0.3630094170570374,0.06143969204757129,192,48,mlp,rg,0.8,"code (0=noise, 1=clean)",latent_only
-1.6980279684066772,1.8374272544311028,0.4071812808513641,0.09787278287050441,192,48,knn,rg,0.8,"code (0=noise, 1=clean)",latent_only
-0.3462147077280827,0.700875252465964,0.3008778786586085,0.09021641301225085,192,48,linear,rg,0.8,"code (0=noise, 1=clean)",latent_plus_backbone
-2.0579522848129272,2.2347245953287147,0.41528232097625734,0.06880305458537721,192,48,mlp,rg,0.8,"code (0=noise, 1=clean)",latent_plus_backbone
-0.761654543876648,0.705708284341191,0.34997656047344206,0.08729001755982127,192,48,knn,rg,0.8,"code (0=noise, 1=clean)",latent_plus_backbone
-0.5472698795075523,0.9224941162535624,0.29971314698828283,0.04154999263044935,24,6,linear,rg,1.0,"code (0=noise, 1=clean)",latent_only
-1.723274040222168,1.1301997872674092,0.39045536518096924,0.05148224136714515,24,6,mlp,rg,1.0,"code (0=noise, 1=clean)",latent_only
-0.5194008350372314,1.1325020178755059,0.2985780358314514,0.030609786650561025,24,6,knn,rg,1.0,"code (0=noise, 1=clean)",latent_only
-0.38043226144293824,0.6726553159988428,0.309103162139105,0.07382254105664673,24,6,linear,rg,1.0,"code (0=noise, 1=clean)",latent_plus_backbone
-1.3295456171035767,0.44965136722466503,0.4269877701997757,0.1178543463021852,24,6,mlp,rg,1.0,"code (0=noise, 1=clean)",latent_plus_backbone
-0.40013895034790037,0.8610184537818294,0.29858010113239286,0.04989410331769165,24,6,knn,rg,1.0,"code (0=noise, 1=clean)",latent_plus_backbone
