aa,ref_mean,gen_mean,ref_sd,gen_sd,abs_diff,rel_diff_pct
E,0.06055388933045766,0.11775919922128075,0.018783459028499726,0.0883895020858636,0.05720530989082309,94.47008362855021
L,0.0886545217813593,0.11396528428899398,0.020309986040413,0.05703635560176977,0.025310762507634685,28.549883298740642
N,0.041853122336882244,0.10281307366850188,0.018174638687929148,0.09207364977075441,0.06095995133161964,145.65209936057718
G,0.07933188402498667,0.09620564660898191,0.02107831733689563,0.1108572060472995,0.01687376258399524,21.269837205278797
I,0.05409542053535735,0.07275170146071461,0.016972249533248895,0.05433541894062535,0.01865628092535726,34.487726947539514
A,0.08452598300032016,0.06094889471141108,0.030245121088909522,0.053587447452950535,-0.02357708828890908,-27.893302688736288
T,0.056981512914394856,0.056400227838528695,0.019237979986919125,0.0516192889671586,-0.0005812850758661614,-1.0201292421621808
K,0.05252697051539532,0.05519534203017498,0.023334902179944904,0.06530645368310564,0.002668371514779659,5.080002689280503
S,0.061468318322265764,0.049993546886421665,0.020938212049266526,0.051364230934379716,-0.011474771435844099,-18.667781629691298
V,0.07005452819685491,0.04445079771377081,0.017157872535018288,0.03716623774578886,-0.025603730483084106,-36.54828765834666
R,0.048292803184414916,0.04209388691826358,0.019286012322870694,0.05779065128729101,-0.006198916266151336,-12.83610777879188
D,0.058547839682167375,0.036568742892214144,0.013567095394775281,0.030355382870351732,-0.02197909678995323,-37.54040611791808
Q,0.03607787525602927,0.03385923988398459,0.013232167201096724,0.08081104383494898,-0.0022186353720446764,-6.149573266995268
Y,0.03489346558852237,0.03302749155110598,0.014189405183108118,0.027242641151392737,-0.0018659740374163888,-5.347631729736155
P,0.04900667736004886,0.03217117198487671,0.014778958927090675,0.02473978801447556,-0.016835505375172144,-34.35349279340606
F,0.04121225315154891,0.02372651904303548,0.012871387239114893,0.018312724513012947,-0.01748573410851343,-42.428483694433126
H,0.029596623244946274,0.009238051517719963,0.012906337600833406,0.014114272490116476,-0.020358571727226313,-68.78680570663617
C,0.013809453459601537,0.00914188533683067,0.010523586045086342,0.01623520719093781,-0.004667568122770867,-33.79980342035597
M,0.024185518143801585,0.005137574687996019,0.010259274822630832,0.00766783545984293,-0.019047943455805565,-78.75764059529686
W,0.014331339970620152,0.004551721755192709,0.00904273116617971,0.009239862205797592,-0.009779618215427444,-68.23938470147293
