pdb_id,sequence_length,swi,net_charge_ph7,pI,iupred3_mean,iupred3_fraction_disordered,shannon_entropy
s1000_n310,310,0.7914367741935483,-17.093851068821145,4.925178337097167,,,3.7050314843269785
s1001_n376,376,0.8022468085106383,0.17379792468484112,7.074658393859862,,,3.823896375533851
s1002_n442,442,0.7606160633484162,3.827356938411846,8.926308631896976,,,3.2701904481757684
s1003_n480,480,0.8378272916666667,-134.13118429512855,4.0500284194946286,,,2.7491475708522626
s1004_n540,540,0.8165603703703705,-26.170277146195815,5.004014015197753,,,2.9184406399571854
s1005_n573,573,0.7804301919720767,-0.4996453124586552,5.275022315979004,,,2.2157806270418634
s1006_n610,610,0.8117637704918033,-100.22144669615804,4.0500284194946286,,,2.6681623674037933
s1007_n660,660,0.8069363636363638,-37.15016869530619,4.912446403503417,,,3.44493302959396
s1008_n725,725,0.7793907586206897,1.4955884298971505,8.313407707214356,,,3.183621034218828
s1009_n776,776,0.822146262886598,-198.08244820032974,4.0500284194946286,,,3.6717790100668726
s1010_n314,314,0.8023140127388536,-49.12977615738764,4.390323448181152,,,3.1858667082746472
s1011_n359,359,0.8244545961002785,-35.27461849693335,4.53668384552002,,,3.6948619005508205
s1012_n424,424,0.8219254716981131,-131.2687913315448,4.0500284194946286,,,3.5095565288698314
s1013_n464,464,0.7892101293103448,11.52953066334085,9.172513389587401,,,3.011246423044129
s1014_n513,513,0.8358857699805068,-134.04680765010608,4.0500284194946286,,,3.081271419222841
s1015_n587,587,0.8391187393526407,-192.91208625531016,4.0500284194946286,,,3.0366423543685577
s1016_n609,609,0.7891075533661741,-6.387006964915869,5.532616615295409,,,3.229597492472787
s1017_n677,677,0.7974020679468243,-12.247840862898613,5.275533866882324,,,3.471458226967144
s1018_n700,700,0.76588,-4.47142325449628,6.710547828674316,,,3.5472963306465894
s1019_n793,793,0.8143622950819672,-144.83083298558353,4.0500284194946286,,,3.6547835988061084
s1020_n344,344,0.8071255813953488,-25.02331002169604,4.740735816955566,,,3.813787798030231
s1021_n390,390,0.7675151282051281,-26.307164370241587,4.636834144592284,,,3.520286708429992
s1022_n434,434,0.753933870967742,-3.326127880927604,5.013108253479003,,,2.3583546365293557
s1023_n462,462,0.7945341991341992,-10.37727485370489,5.287072181701659,,,3.417579332780255
s1024_n539,539,0.7860033395176252,3.260392001581284,10.869708061218262,,,3.4389278215152186
s1025_n559,559,0.7933500894454383,-51.283994099774006,4.22799129486084,,,3.4784137445463177
s1026_n631,631,0.8070637083993661,-21.302052808267575,5.147077751159666,,,3.779940865440866
s1027_n699,699,0.8375680972818312,-232.54365385330746,4.0500284194946286,,,3.4177021070742937
s1028_n707,707,0.8124577086280058,-116.59755347791511,4.373669624328613,,,3.3313218036745154
s1029_n783,783,0.8145630906768838,-68.17335249240271,4.364518547058106,,,3.5313296536859426
s1030_n305,305,0.7898547540983606,-5.7787381550974075,5.75451602935791,,,3.8170391196906253
s1031_n364,364,0.7921513736263736,-18.563198105804247,5.070572471618651,,,3.5693016738326655
s1032_n421,421,0.8109933491686461,-64.49214518873538,4.355083274841309,,,3.67205983033008
s1033_n460,460,0.7754504347826086,0.5161484590815979,8.48837490081787,,,2.7872178361001327
s1034_n545,545,0.7926752293577982,-11.429226620974575,5.243249320983886,,,3.4967626875206226
s1035_n581,581,0.7996370051635112,-24.9701417255405,5.056760597229004,,,3.604259298186716
s1036_n642,642,0.776736137071651,1.509538534036177,9.954450416564942,,,2.4579558840416706
s1037_n682,682,0.7930648093841643,-0.38676235177790375,6.752438163757325,,,3.054930229474088
s1038_n718,718,0.7975289693593315,-10.277405000813317,5.366703605651855,,,3.2253618697648294
s1039_n794,794,0.7959263224181361,-76.14993364627779,4.516449165344238,,,3.5934868633246846
s1040_n323,323,0.7872482972136223,-14.789767895229328,4.956894493103026,,,3.8825229820165927
s1041_n398,398,0.8120349246231154,-36.91344476469909,4.639335060119628,,,3.7915960800821424
s1042_n440,440,0.8286834090909091,-110.78455567095077,4.0500284194946286,,,3.3922019070842366
s1043_n457,457,0.8013647702407002,-18.996770751260446,4.651498603820801,,,3.222098819159983
s1044_n534,534,0.795412734082397,-16.437966727788705,5.331463432312011,,,3.5793734160892847
s1045_n584,584,0.7985008561643837,24.0095256523999,11.346774101257324,,,3.1414843714299687
s1046_n640,640,0.7687118749999999,-33.57870313706864,4.3530370712280275,,,3.6258261199122934
s1047_n672,672,0.7930078869047619,-44.89089932547459,4.944958305358886,,,3.936999319384244
s1048_n717,717,0.7802863319386333,-52.336380677097324,4.578460502624512,,,3.724476351712376
s1049_n750,750,0.7918371999999999,-22.744209667765404,5.529660987854004,,,3.682246785052709
s1050_n342,342,0.7943450292397662,-14.859828156990154,5.036696434020995,,,3.5693961717829263
s1051_n364,364,0.8320796703296706,-96.15838291015963,4.106981086730956,,,2.9522281594891213
s1052_n449,449,0.7921035634743874,-30.460638240829997,4.0500284194946286,,,3.158806664883
s1053_n469,469,0.8289799573560768,-136.01518713863936,4.0500284194946286,,,3.465588195891337
s1054_n536,536,0.8075488805970149,-13.407117966355699,5.300372505187987,,,3.3828788043783082
s1055_n566,566,0.744913780918728,-15.675289056235918,4.0500284194946286,,,3.311757594123136
s1056_n606,606,0.7455740924092409,-4.224092287935538,6.276070594787597,,,2.7289124502043727
s1057_n697,697,0.7880690100430418,-2.400927924012265,6.020067787170409,,,3.22967356569262
s1058_n700,700,0.7743997142857143,77.1961368764449,9.73519344329834,,,3.3172545537800877
s1059_n785,785,0.796819872611465,-119.2917516768699,4.0500284194946286,,,3.678395715209271
s1060_n305,305,0.8021836065573771,-13.4212720539062,4.887039375305175,,,3.8577970106821327
s1061_n356,356,0.7858137640449437,-4.068214074261981,5.746672248840333,,,3.51608029600702
s1062_n411,411,0.8029513381995135,-28.210741459866384,4.944219398498535,,,3.87335560081858
s1063_n467,467,0.8134858672376873,-35.69840113106116,4.846058464050292,,,3.658735790940398
s1064_n533,533,0.7878300187617261,22.63573554078389,9.916865348815914,,,3.5147870398431227
s1065_n590,590,0.7795527118644068,14.556766676159079,9.187276649475098,,,2.952489587813171
s1066_n645,645,0.7782651162790698,-3.5095313646328767,4.232879447937012,,,3.191319837071422
s1067_n657,657,0.7983815829528157,-0.4996453124586552,5.275022315979004,,,1.7881133568659466
s1068_n742,742,0.775570485175202,-0.5116333244466671,5.272294044494628,,,2.6234402382386843
s1069_n752,752,0.7637081117021276,-15.331974232824184,5.1800443649291985,,,3.0574695024196252
s1070_n308,308,0.7996724025974026,-28.337983737749898,4.270052146911622,,,3.877071433000372
s1071_n365,365,0.8115654794520548,-24.308235564023086,4.655647850036622,,,3.6005247619177623
s1072_n423,423,0.7937839243498818,-6.153629266743522,6.132154273986816,,,3.7289632340201844
s1073_n471,471,0.8132333333333335,-30.313036627190797,4.826846885681152,,,3.446926517562327
s1074_n536,536,0.7997115671641791,17.336426900223856,11.212873268127442,,,3.086940159301995
s1075_n590,590,0.822907966101695,-154.5484673833875,4.0500284194946286,,,3.407896220494237
s1076_n628,628,0.8369476114649682,-219.53851747831254,4.0500284194946286,,,2.951933579367763
s1077_n650,650,0.7857267692307693,6.991950678303596,9.260835075378417,,,3.5976422384939766
s1078_n709,709,0.7943139633286318,-16.72121211979396,5.404558372497559,,,3.4829596234222935
s1079_n772,772,0.8005775906735753,30.580488803072427,9.42800159454346,,,3.1585385381704083
s1080_n328,328,0.7939975609756097,-7.64479804473747,5.633733177185058,,,3.6641792039516763
s1081_n377,377,0.7720702917771884,-17.483126042934895,4.0500284194946286,,,3.5792370416924926
s1082_n437,437,0.7855448512585812,-53.139630090864934,4.0500284194946286,,,3.236403141490846
s1083_n450,450,0.7886933333333334,-46.03443753702024,4.459610176086425,,,3.52915422431536
s1084_n510,510,0.7951101960784315,-48.205680019136864,4.0500284194946286,,,3.690622156935141
s1085_n564,564,0.780634219858156,-18.25568872485753,4.0500284194946286,,,2.523788476466893
s1086_n600,600,0.7925036666666667,-0.49853455141881153,5.587750434875488,,,1.974334979322327
s1087_n652,652,0.807475,7.582697416304455,8.92166690826416,,,3.3303199691807293
s1088_n735,735,0.811074693877551,-8.470013960434251,4.754604530334471,,,3.0414447088948466
s1089_n778,778,0.7936544987146529,-1.496713090544601,4.369065666198731,,,2.7277370903858604
s1090_n333,333,0.7884567567567567,30.74210638115307,11.882957649230956,,,3.2319734397117794
s1091_n397,397,0.8059037783375315,49.5380552331673,10.008474922180177,,,3.4835055741516725
s1092_n442,442,0.7965733031674209,-31.967272365168384,4.783024024963378,,,3.5858050349503765
s1093_n486,486,0.8094462962962963,-26.72761553971091,5.0413003921508786,,,3.612135084390773
s1094_n524,524,0.7714,-4.205617380742767,5.596674156188963,,,3.5620860190337917
s1095_n592,592,0.7980944256756757,-33.93452525819137,4.95575771331787,,,3.536402599582014
s1096_n618,618,0.7915215210355987,-12.492308095752016,4.863905906677245,,,3.425155615809585
s1097_n677,677,0.8170852289512556,-40.321471311111196,4.763755607604979,,,3.4870833235784846
s1098_n708,708,0.8013881355932203,-44.355365852664164,4.761993598937988,,,3.4687495445728773
s1099_n768,768,0.8032589843750001,15.455211140213976,10.857330131530762,,,3.0316735231288003
s1100_n339,339,0.7904575221238939,0.5187713108201066,7.703411293029785,,,2.8917390243009438
s1101_n380,380,0.7890749999999999,-7.491069426234681,4.0500284194946286,,,2.9362164996641544
s1102_n449,449,0.8045890868596883,-21.012887314839915,5.072618675231933,,,3.492263159312162
s1103_n486,486,0.8029448559670782,-10.216508600740625,5.434285163879394,,,3.548126958509898
s1104_n506,506,0.8185391304347827,-53.22628593095743,4.640926551818848,,,3.1994336762270086
s1105_n599,599,0.7863186978297162,-0.5026423154556581,5.274340248107909,,,1.9285423663060888
s1106_n616,616,0.8125650974025975,-36.39376566410756,5.198687553405762,,,3.2553098403271905
s1107_n694,694,0.7717005763688759,-51.48744154948162,4.0500284194946286,,,3.32629010168998
s1108_n746,746,0.7772333780160858,-41.710828699821455,4.9110822677612305,,,3.442136232072484
s1109_n775,775,0.7929363870967743,-4.516216070661249,4.0500284194946286,,,2.861793423214452
s1110_n318,318,0.8215672955974844,-44.33198219096308,4.398451423645019,,,3.4905225206448955
s1111_n360,360,0.8132458333333333,-6.3996810442966705,5.4356492996215815,,,3.577521890302152
s1112_n415,415,0.8081481927710845,-29.10685813776152,4.694412040710449,,,3.522936781613507
s1113_n464,464,0.8028327586206896,-22.951366720146012,4.966784477233887,,,3.748284126019784
s1114_n507,507,0.7839157790927022,-36.51897161304775,4.084188652038574,,,3.816082802004448
s1115_n591,591,0.7972282571912015,-40.86286236410206,5.061194038391112,,,3.820740853847002
s1116_n602,602,0.8046923588039867,-69.96971890067866,4.387140464782715,,,3.735069941068789
s1117_n659,659,0.7669358118361154,-30.995306607056158,4.7830808639526365,,,3.2390917361233855
s1118_n721,721,0.8017735090152566,-40.18439440533099,4.839521980285644,,,3.369219200644041
s1119_n759,759,0.806207509881423,-101.02434513041462,4.340930366516114,,,3.716854797737856
s1120_n312,312,0.7861958333333333,-3.924165130189799,5.944756126403808,,,3.7636630032335376
s1121_n361,361,0.7982371191135733,-4.324958484765759,5.67295207977295,,,3.668557686072236
s1122_n429,429,0.7868062937062936,-14.244056336521588,5.279796791076659,,,3.302947077487226
s1123_n482,482,0.7811016597510373,13.484895628652264,9.67820339202881,,,3.6071758100102715
s1124_n523,523,0.7987003824091777,-34.32216590933632,4.675086784362793,,,3.5925448147738335
s1125_n575,575,0.8067805217391304,-39.372305742090695,4.456029319763183,,,3.7024477893134344
s1126_n603,603,0.7840064676616916,-17.49908182787387,4.0500284194946286,,,3.063375775787268
s1127_n691,691,0.8066630969609263,-41.07338955895882,4.771087837219238,,,3.6774606073202465
s1128_n706,706,0.8007324362606232,-100.07327251446056,4.401066017150879,,,3.8522562508607683
s1129_n759,759,0.800212252964427,0.6804242880350841,7.406370735168457,,,3.4470678187120773
s1130_n323,323,0.8016216718266255,-9.083977233978686,5.361474418640137,,,3.8496487234223133
s1131_n399,399,0.8091761904761905,-16.589605672064806,5.282638740539549,,,3.779226466627482
s1132_n417,417,0.7678609112709832,-25.472507916318524,4.0500284194946286,,,3.6045928880609517
s1133_n469,469,0.8020339019189766,-52.42871851596473,4.338315773010254,,,3.7213238855854827
s1134_n513,513,0.8039750487329436,-15.84773752583719,5.321346092224121,,,3.5207410815835174
s1135_n572,572,0.8034444055944056,-40.96120168393445,4.659853935241699,,,3.81539050842698
s1136_n642,642,0.7752618380062305,-85.5237943620463,4.0500284194946286,,,3.50524449850552
s1137_n663,663,0.8036907993966818,-6.430894261672719,5.499536323547362,,,3.3852629062415422
s1138_n735,735,0.7773478911564626,-15.36471490033081,5.959647941589356,,,3.7040354202629615
s1139_n766,766,0.7805882506527414,-4.49009316559918,4.0500284194946286,,,2.183183117408596
s1140_n316,316,0.7854180379746836,-12.7546962381406,5.015438652038574,,,3.9837547609436195
s1141_n381,381,0.7950682414698163,-1.3895674817839492,6.110725975036621,,,3.8549549151927227
s1142_n401,401,0.7887860349127183,-11.476179949928635,5.566776847839355,,,3.8005303325350006
s1143_n471,471,0.7845031847133758,-3.4959177498165905,4.1120397567749025,,,2.644361761271046
s1144_n521,521,0.8214011516314778,-109.82805269152814,4.0500284194946286,,,3.272616535862234
s1145_n553,553,0.781053164556962,37.943107698181805,11.50246524810791,,,3.6669391030603977
s1146_n635,635,0.7579548031496064,-11.662103854839192,4.382252311706543,,,3.354233569175359
s1147_n654,654,0.8050669724770643,-82.65860272521863,4.295800209045409,,,3.4919443122881604
s1148_n737,737,0.8412696065128903,-177.81521461118183,4.089872550964355,,,2.930441410204116
s1149_n753,753,0.7411616201859228,-54.00292061255972,4.0500284194946286,,,3.2832985914727497
s1150_n328,328,0.811610975609756,-16.29495750252999,4.962692070007324,,,3.37547488942181
s1151_n385,385,0.7704584415584415,-0.4360986999771903,6.8608301162719725,,,2.5275403527075757
s1152_n434,434,0.7806956221198157,4.8505564138764115,8.644323921203615,,,3.388943754613897
s1153_n495,495,0.762570505050505,-51.35357263064843,4.0500284194946286,,,3.2602813604585967
s1154_n521,521,0.7782001919385795,-46.56079326230972,4.0500284194946286,,,3.630118109602336
s1155_n570,570,0.795377894736842,-0.4996453124586552,5.275022315979004,,,1.5624604201395969
s1156_n628,628,0.7830765923566879,-11.652159226274136,5.865806770324705,,,3.461508773840968
s1157_n675,675,0.7955976296296295,-106.11771832412043,4.0500284194946286,,,2.728442279741642
s1158_n712,712,0.8046587078651687,-18.614171281623484,5.279398918151855,,,3.2810299229725115
s1159_n762,762,0.828969816272966,-231.8156428945649,4.0500284194946286,,,3.4401500572777084
s1160_n317,317,0.7939205047318612,8.12617895580673,10.841341972351074,,,3.5001973807300906
s1161_n384,384,0.7774223958333334,7.132355000723415,8.690354347229004,,,3.914978770619013
s1162_n449,449,0.7967806236080178,-12.703292714654111,5.374774742126465,,,3.3268645610165106
s1163_n494,494,0.7962637651821861,10.531566320187785,9.069235038757324,,,3.3291931744910306
s1164_n509,509,0.8105750491159136,-23.210195195204832,5.2113058090209945,,,3.392335360637985
s1165_n596,596,0.797201677852349,-64.21906726010101,4.4647825241088865,,,4.0011624292466195
s1166_n624,624,0.813728685897436,-100.27227454305444,4.0500284194946286,,,3.4544290933187805
s1167_n659,659,0.8009280728376329,18.48080271133398,10.946296501159669,,,3.286778065903615
s1168_n722,722,0.7847274238227148,125.21068615224235,11.999967765808105,,,3.511471280055211
s1169_n797,797,0.7950652446675031,0.48428808834932546,7.736718940734863,,,2.8874773248748964
s1170_n316,316,0.7996810126582279,-23.99675040655029,4.724138832092284,,,3.5665277693257242
s1171_n383,383,0.7959749347258486,-48.906524441084116,4.406295204162597,,,3.740456405728746
s1172_n443,443,0.8020751693002257,-26.172759214371993,4.886982536315918,,,3.5922445122679556
s1173_n487,487,0.7899901437371663,7.492661672543896,9.353024864196776,,,3.2200545007340313
s1174_n509,509,0.7793021611001965,-39.12103470122604,4.724195671081542,,,3.8480816960807283
s1175_n571,571,0.7938819614711033,-18.771743825998115,5.224208259582518,,,4.043743176716882
s1176_n622,622,0.7439265273311897,-13.84386721298907,4.160921287536621,,,3.2678920196141314
s1177_n680,680,0.8060341176470589,-63.96028721936908,4.650020790100098,,,3.7369533093906515
s1178_n731,731,0.7916440492476061,-11.294730410601398,4.0938512802124025,,,3.1334039690437905
s1179_n776,776,0.7933675257731958,-6.34740403498029,5.023680305480957,,,2.6398017010553128
s1180_n308,308,0.8088500000000001,-50.971480817441716,4.365598487854004,,,3.8610392361944292
s1181_n382,382,0.7979633507853403,-7.230368875625132,5.977495384216309,,,3.7374211229306096
s1182_n420,420,0.7518821428571427,-7.44020252299727,4.625750541687012,,,3.3167544652708014
s1183_n489,489,0.7985345603271984,-14.333915529000464,5.495671272277831,,,3.5742658349248604
s1184_n533,533,0.7939893058161352,-12.191296765672362,5.274624443054199,,,3.4477409917923563
s1185_n556,556,0.7974318345323741,-76.39485792391723,4.0500284194946286,,,3.182671420435152
s1186_n616,616,0.8273063311688311,-201.7342562180296,4.0500284194946286,,,3.137669055379869
s1187_n693,693,0.7996640692640694,-80.38316356378608,4.0500284194946286,,,3.308995577288571
s1188_n746,746,0.7986256032171581,-154.0237813585238,4.0500284194946286,,,3.643822055232767
s1189_n785,785,0.7940915923566879,34.099855511115194,10.998258018493651,,,3.7479625234626317
s1190_n304,304,0.8094986842105264,-20.950511845065442,4.674688911437988,,,3.218608168965186
s1191_n367,367,0.8298138964577656,-96.9999246150628,4.0500284194946286,,,3.486770337622159
s1192_n438,438,0.8186340182648402,-38.028977100255474,4.727037620544433,,,3.4816604981378867
s1193_n470,470,0.7877234042553192,-21.046580979999092,4.890279197692871,,,4.135203908109179
s1194_n501,501,0.7963019960079841,-21.184805290781327,5.0272611618042,,,3.2734252105675785
s1195_n563,563,0.79111865008881,-15.938794931769358,5.135198402404785,,,3.594671647663522
s1196_n607,607,0.7731593080724877,-22.636329653211895,4.803827095031737,,,3.3691127245612758
s1197_n673,673,0.7776759286775632,-12.232558694774248,4.9777544021606435,,,3.3564538399506487
s1198_n745,745,0.799103489932886,-60.66835404442607,4.648088264465333,,,3.8316420218718563
s1199_n772,772,0.7695658031088084,-70.23928568035167,4.0500284194946286,,,3.5833541621231872
s1200_n334,334,0.8116008982035928,-24.10144470720465,4.821049308776855,,,3.6166319092823427
s1201_n355,355,0.8000921126760564,-1.4292823671929042,6.263168144226075,,,3.437788321145766
s1202_n402,402,0.7782233830845771,-14.750825043064896,5.282013511657714,,,3.1694107936776224
s1203_n478,478,0.8038073221757324,-28.183101526524545,4.8055322647094725,,,3.5695106000496
s1204_n500,500,0.8008074000000001,2.6230413901753096,8.311795997619633,,,3.6353717980302225
s1205_n560,560,0.8032441071428572,-21.525106263045714,5.101720237731932,,,3.5986961094584724
s1206_n627,627,0.8068478468899521,254.23961968237637,11.003608894348144,,,2.123485921237101
s1207_n669,669,0.7735493273542601,-24.937006861636558,4.9426279067993155,,,3.5500909533014133
s1208_n706,706,0.7945264872521246,-40.457671483876744,4.0500284194946286,,,2.9746948651072236
s1209_n790,790,0.773639240506329,-0.34880927689980623,5.459010124206543,,,2.723768662987262
s1210_n336,336,0.7950976190476191,-3.884830457454221,5.9930124282836905,,,3.465279070571506
s1211_n395,395,0.7761518987341772,-1.5199449988453697,5.3265184402465815,,,3.626501385002319
s1212_n423,423,0.800148463356974,-7.052580711460536,6.083500099182127,,,3.321282926044102
s1213_n466,466,0.7992221030042919,-50.46809603465052,4.454437828063964,,,3.7489568929481236
s1214_n530,530,0.8056358490566038,-55.5880306038577,4.675086784362793,,,3.9172269689007986
s1215_n557,557,0.779291921005386,84.65553538598827,11.999967765808105,,,3.2596581375758746
s1216_n602,602,0.8077244186046512,-44.16530094364494,4.755854988098144,,,3.270553577738703
s1217_n682,682,0.7911149560117302,-30.384542486141015,4.0500284194946286,,,3.178998404291065
s1218_n721,721,0.8021837725381414,-87.45251279547477,4.1656389236450195,,,3.458199484319535
s1219_n762,762,0.793072440944882,-48.16633406920954,4.4791059494018555,,,3.4000938499119644
s1220_n336,336,0.8036752976190475,-29.723947922067083,4.730959510803221,,,3.634870129258818
s1221_n394,394,0.8033766497461928,-11.774993594651086,5.421269035339355,,,3.5931100506303415
s1222_n414,414,0.788109420289855,3.80420717650577,9.308477210998536,,,3.8179439883782056
s1223_n458,458,0.7900200873362444,-32.45649374407901,4.0500284194946286,,,3.3447809438690914
s1224_n503,503,0.7994582504970178,-14.489046761411757,5.0218614578247065,,,3.4413146326780972
s1225_n570,570,0.7985428070175439,-25.05404019964257,5.065172767639159,,,3.5489850523253446
s1226_n612,612,0.7646789215686275,-48.3240612375414,4.0500284194946286,,,3.400184741479239
s1227_n673,673,0.7735604754829123,-27.584143550458535,4.954905128479003,,,4.111360470506867
s1228_n729,729,0.7812838134430726,-48.23377442499076,4.484448814392089,,,3.5987488579896065
s1229_n756,756,0.8004646825396825,-26.641442303123895,5.531479835510253,,,3.444635150919038
s1230_n326,326,0.7928782208588957,-16.12198799906058,4.8224702835083,,,3.596226020641724
s1231_n377,377,0.7635750663129973,-3.458142209141716,6.288347816467286,,,3.515813792430403
s1232_n439,439,0.8070612756264236,-22.04655591535586,4.899202919006346,,,3.574367665096439
s1233_n460,460,0.8047526086956521,5.356047830506924,10.294779014587398,,,3.1873610295066035
s1234_n511,511,0.7893205479452055,2.69756146303531,11.154916191101073,,,2.79428446451069
s1235_n588,588,0.7869663265306124,26.668851706154456,9.331105613708495,,,3.531881824302817
s1236_n619,619,0.7952935379644589,-0.33546027898742636,6.9027204513549805,,,3.4071439491248565
s1237_n677,677,0.7495088626292467,4.888711420767072,9.266959571838381,,,2.4219266456684934
s1238_n715,715,0.8002432167832167,-44.103202190401824,4.56294345855713,,,2.8387711621770984
s1239_n781,781,0.7460075544174137,-5.1730722980097,5.427521324157714,,,2.7102122472528234
s1240_n341,341,0.80541788856305,-28.2903925655273,4.690092277526855,,,3.6652571629698176
s1241_n353,353,0.8033691218130311,-15.801085157696775,5.1800443649291985,,,3.7270096460327804
s1242_n441,441,0.8126734693877551,-39.94587616764183,4.755684471130371,,,3.562964727299733
s1243_n497,497,0.7887040241448693,5.753519986130719,8.659345054626463,,,3.064739693422431
s1244_n543,543,0.8077104972375693,-52.669526708651446,4.773816108703613,,,3.0541459732553644
s1245_n559,559,0.7879105545617173,-0.4078411573506173,6.919317436218263,,,3.420943860378534
s1246_n614,614,0.7590977198697069,-11.366583017709742,5.397339820861816,,,3.336888910327343
s1247_n664,664,0.7389007530120483,10.254107156146858,8.361887931823734,,,3.2231933651507383
s1248_n732,732,0.8024892076502732,-38.874295464518326,5.115645790100097,,,3.363242661470267
s1249_n768,768,0.783708984375,-124.2883936220665,4.0500284194946286,,,3.5523354207658193
s1250_n300,300,0.8065366666666667,-17.967429348195466,5.003047752380371,,,3.7092092948212443
s1251_n372,372,0.7943301075268818,-21.614072855574165,5.0563058853149405,,,3.628899275107918
s1252_n419,419,0.8019658711217185,7.957453145478823,8.784607124328613,,,3.528959736686474
s1253_n471,471,0.814763906581741,-1.9335692686309045,6.418224906921386,,,3.6300149045150447
s1254_n500,500,0.789988,-19.287622626136283,5.096604728698729,,,3.5624591417283242
s1255_n552,552,0.7836599637681159,-4.48729270352597,4.0500284194946286,,,2.342246881085359
s1256_n618,618,0.8138936893203884,-36.20533495517148,4.843159675598144,,,3.4119998151564217
s1257_n671,671,0.7948189269746646,-0.5374268255186081,6.647399711608887,,,3.5236684314416022
s1258_n710,710,0.7994440845070423,-51.311322708705035,4.722490501403808,,,3.672426565285774
s1259_n758,758,0.7894236147757256,-11.337122756421266,5.379151344299316,,,2.90177055975782
s1260_n329,329,0.774633434650456,0.5281190878874611,7.589164924621584,,,3.8545335221518475
s1261_n368,368,0.7914592391304349,5.5661908840625,8.727552604675292,,,3.0846508575665648
s1262_n445,445,0.8278101123595507,-107.93342273873793,4.0500284194946286,,,3.2333703351864913
s1263_n483,483,0.7831726708074533,-16.533640101781373,4.763641929626464,,,3.8208012361539185
s1264_n549,549,0.8150928961748635,-82.96028675453155,4.489678001403808,,,3.6636444516679187
s1265_n584,584,0.7893625000000001,-14.8852193267969,5.92185001373291,,,3.741806666178582
s1266_n620,620,0.8042675806451612,-26.261231804427254,4.99446506500244,,,3.5022660075725853
s1267_n653,653,0.7901215926493108,1.0485680340027832,7.345382499694825,,,3.008579262096045
s1268_n743,743,0.8307467025572005,-61.06939136507593,4.653544807434082,,,3.245320012334767
s1269_n754,754,0.7907860742705569,-24.45784804156673,4.0500284194946286,,,2.304406511741639
s1270_n304,304,0.7943832236842105,27.271744316478816,11.791734886169433,,,3.115955545526049
s1271_n378,378,0.827452380952381,-101.11657398409375,4.0500284194946286,,,3.308140250078632
s1272_n420,420,0.7984978571428571,-4.3836141397214305,5.707623863220214,,,3.4179270549403835
s1273_n456,456,0.8061293859649122,-69.38952451619014,4.0500284194946286,,,3.5905687032017544
s1274_n540,540,0.7744990740740741,-0.8244196012005816,6.9039709091186525,,,3.758916408558685
s1275_n588,588,0.8177877551020409,-108.11040717049475,4.143585395812988,,,3.5863933940406865
s1276_n619,619,0.7958814216478192,-114.17080700291935,4.0500284194946286,,,3.801840068637876
s1277_n675,675,0.7885410370370369,-1.7914705041784345,6.436640739440917,,,2.8886286744532463
s1278_n715,715,0.7628134265734264,-73.35882052953967,4.0500284194946286,,,3.3750789338856553
s1279_n779,779,0.809631835686778,-192.10236695694013,4.0500284194946286,,,3.5398673853522338
s1280_n334,334,0.7940425149700598,-10.206143833363384,5.172257423400877,,,3.7089397431061197
s1281_n397,397,0.799803274559194,-9.369747153677281,5.059034156799315,,,3.3468666577540436
s1282_n441,441,0.7883004535147392,-4.585940959556581,6.086739921569824,,,3.7178164223820422
s1283_n486,486,0.8067393004115225,-61.038997060873655,4.326265907287598,,,3.665701729543524
s1284_n547,547,0.806674223034735,-30.2097088521342,4.911309623718262,,,3.5790108448488906
s1285_n589,589,0.8434078098471988,-217.6206433371972,4.0500284194946286,,,3.0956208972245394
s1286_n633,633,0.8028854660347552,-111.10644014680037,4.0500284194946286,,,3.709886982324844
s1287_n682,682,0.8258313782991203,-119.42317691090851,4.220886421203613,,,3.1628725834000906
s1288_n738,738,0.8011231707317074,-105.19334531363728,4.0500284194946286,,,3.31933162832296
s1289_n765,765,0.7841653594771243,21.67065174489072,10.219351005554199,,,3.265017871645665
s1290_n333,333,0.814357957957958,-47.629171760482706,4.263572502136231,,,3.523930190394035
s1291_n391,391,0.7874652173913044,-1.43861223281273,6.089638710021972,,,3.0059826706597788
s1292_n401,401,0.8052678304239402,-4.377946119352288,5.681307411193848,,,3.4211119688528173
s1293_n499,499,0.8029819639278557,-23.183571699770077,4.895849418640137,,,3.7353261516623237
s1294_n544,544,0.8064476102941176,-34.19628452529085,4.765915489196778,,,3.800626251992572
s1295_n567,567,0.8565158730158731,-275.53497438200026,4.0500284194946286,,,2.70572589775617
s1296_n644,644,0.7881788819875777,-9.893221943582631,5.617022514343262,,,3.671047508944128
s1297_n694,694,0.7564783861671471,-12.777483804856459,5.719844245910645,,,3.243801645765085
s1298_n736,736,0.7791838315217391,-0.497843851384447,5.752981376647949,,,2.8643147751735
s1299_n776,776,0.7966519329896907,0.5594141770401677,7.184243965148926,,,3.5247159493272817
s1300_n315,315,0.808648888888889,-34.000084047911415,4.445514106750489,,,3.536118464915006
s1301_n399,399,0.7906573934837092,-10.728358085486093,5.35903034210205,,,3.867128658290815
s1302_n422,422,0.7899497630331753,13.033762638736775,10.47587070465088,,,3.5095798129744122
s1303_n480,480,0.8049285416666668,-55.23583682560361,4.536740684509279,,,3.549856453668282
s1304_n505,505,0.7875869306930692,12.625558318234468,9.5468168258667,,,3.75220319578026
s1305_n594,594,0.8091577441077441,234.46164481200168,10.98130283355713,,,3.162653307531009
s1306_n635,635,0.7769308661417322,-27.48134648279083,4.0500284194946286,,,3.2018505614551174
s1307_n669,669,0.7872170403587445,58.36889074505173,9.630948066711426,,,3.2844082715259257
s1308_n712,712,0.7995160112359551,-107.65075752433698,4.0500284194946286,,,3.602369372319243
s1309_n755,755,0.756198940397351,-27.869001731576105,4.542936134338379,,,3.559237150751084
s1310_n340,340,0.803835,-29.008829559355128,4.759151649475096,,,3.4646409393084183
s1311_n386,386,0.7869396373056994,-36.45467474203809,4.0500284194946286,,,3.063791944453188
s1312_n430,430,0.8049644186046511,-46.063815371529074,4.077254295349121,,,3.328999681878007
s1313_n473,473,0.7924530655391121,-16.646386429952138,5.138267707824705,,,3.4501882655156195
s1314_n510,510,0.8057088235294119,-81.73866622151277,4.202641105651855,,,3.6599246263772174
s1315_n584,584,0.7956857876712329,-39.423782737203354,4.489280128479003,,,3.618114033749516
s1316_n649,649,0.7973770416024651,-4.499474375884972,4.312624549865723,,,2.9884864870596184
s1317_n688,688,0.770402761627907,-15.337950584331391,4.226740837097168,,,3.2223550497933413
s1318_n741,741,0.8004195681511471,-31.17435550344136,4.836680030822753,,,3.4924432866777204
s1319_n780,780,0.795088076923077,5.463662149617888,9.108302879333493,,,2.71156361383078
s1320_n315,315,0.8104803174603176,-16.379345201719218,4.920688056945799,,,3.680584950028138
s1321_n380,380,0.7761868421052632,-13.496151104190709,4.47353572845459,,,3.5100878330767817
s1322_n406,406,0.8211485221674877,-101.25874569612147,4.0500284194946286,,,2.910630726316005
s1323_n450,450,0.7959088888888889,-5.387632911774581,5.318219947814941,,,3.359499047644674
s1324_n519,519,0.7391331406551059,-20.869178647251875,4.0500284194946286,,,3.404429824308824
s1325_n569,569,0.8094107205623902,-96.17428102703246,4.0500284194946286,,,3.3817009202402075
s1326_n635,635,0.7902903937007875,-58.98565791036573,4.239529609680175,,,3.6292863777003834
s1327_n650,650,0.786954153846154,-0.2610419184026114,6.813312721252441,,,3.5450827863770167
s1328_n722,722,0.750943351800554,-29.972119685847385,4.294720268249511,,,3.409684832359616
s1329_n766,766,0.8107885117493474,-38.075394379791376,5.182317924499511,,,3.350145861905011
s1330_n316,316,0.8065325949367089,-13.088559157326102,5.096036338806152,,,3.81712763800173
s1331_n394,394,0.8026946700507614,23.618968001631913,9.472226905822755,,,3.4552106750600635
s1332_n403,403,0.8056818858560794,-16.89086574475433,5.088476753234862,,,3.9261557870208836
s1333_n470,470,0.8076644680851064,-34.381676978094745,4.229469108581543,,,2.685109107626583
s1334_n526,526,0.8009979087452472,-12.075774678339798,5.456338691711425,,,3.2348328434738423
s1335_n584,584,0.8194912671232878,-160.35361430102384,4.0500284194946286,,,3.581998946618878
s1336_n612,612,0.7818132352941176,-27.93826891215356,4.664855766296387,,,3.487565878081586
s1337_n650,650,0.7787444615384616,-16.506145220499935,4.360028266906738,,,3.282179005091681
s1338_n701,701,0.8204504992867333,-240.07352049079293,4.0500284194946286,,,3.051959308133603
s1339_n799,799,0.786583854818523,-2.4912239264390252,4.2520341873168945,,,1.8192019364576142
s1340_n311,311,0.7975565916398714,-16.106416281170254,4.80246295928955,,,4.014928043568456
s1341_n380,380,0.8234763157894737,-58.93171031900289,4.3360990524292005,,,3.5157594195351902
s1342_n401,401,0.76156608478803,-14.522063378675963,4.0500284194946286,,,3.346435954310262
s1343_n493,493,0.748600405679513,1.5177579565562498,7.902228355407716,,,2.6289008182190137
s1344_n518,518,0.7940752895752896,-8.147228205242001,5.9572038650512695,,,3.7208748365418822
s1345_n555,555,0.791427927927928,-30.247544607733943,4.9032384872436525,,,3.5221014177492638
s1346_n623,623,0.7379420545746388,-4.468127482068368,4.711406898498535,,,3.509031229546922
s1347_n667,667,0.7565608695652173,-19.424910702215268,4.0500284194946286,,,3.1766211359433782
s1348_n727,727,0.7973548830811554,-14.504811920339007,4.0500284194946286,,,2.6686222524301506
s1349_n782,782,0.759042199488491,26.49536449474732,9.863678932189941,,,3.168569438911748
s1350_n340,340,0.7810773529411763,-7.785586165989891,5.516474342346189,,,3.9517825486519773
s1351_n368,368,0.792704891304348,-4.024210817983189,5.8779703140258786,,,3.9917921969066796
s1352_n425,425,0.7994049411764707,-22.029696016768924,4.886073112487793,,,3.3601232054081893
s1353_n454,454,0.8172852422907488,-47.01503882429222,4.725389289855956,,,3.494438124214348
s1354_n512,512,0.8080041015625001,-33.08358648123084,4.748295402526855,,,3.5591051876519995
s1355_n590,590,0.801613559322034,2.6451235183092905,8.297161674499513,,,3.095121222668762
s1356_n638,638,0.8455191222570534,-198.9502680660083,4.0500284194946286,,,2.7939029015320687
s1357_n669,669,0.7973394618834081,-42.53575687786693,4.762846183776855,,,3.765876748100289
s1358_n706,706,0.8175597733711049,-76.48264318242448,4.6339921951293945,,,3.037076491939441
s1359_n796,796,0.7921091708542713,-4.485603002492605,4.0500284194946286,,,1.9811447496828978
s1360_n304,304,0.8126296052631579,-21.365830739691646,4.8172410964965815,,,3.3256615658866027
s1361_n385,385,0.7997911688311689,9.491169335301489,9.875154304504395,,,3.0586742054628178
s1362_n446,446,0.7857024663677131,-35.602378638334145,4.620976066589355,,,3.826816939944633
s1363_n476,476,0.8011743697478991,24.51649756634735,9.956835746765137,,,3.1977196243327177
s1364_n548,548,0.7862651459854015,-46.85279902757082,4.0500284194946286,,,3.4387221097750937
s1365_n574,574,0.8271975609756098,-162.89433011673592,4.0500284194946286,,,3.2482997656825914
s1366_n618,618,0.799481067961165,-40.28835176077391,4.904432106018065,,,3.857178052207207
s1367_n679,679,0.8101488954344626,-36.27830566730435,4.9277360916137685,,,3.6145603589578736
s1368_n706,706,0.7885895184135977,-2.54242210181987,4.990941047668456,,,2.8982226830087736
s1369_n768,768,0.8116287760416666,-65.24794078115183,4.66138858795166,,,3.7907771196455844
s1370_n338,338,0.7861171597633136,-3.975489906935124,5.8808691024780275,,,3.5849401370238305
s1371_n393,393,0.8093185750636133,-20.314138762437217,4.87965030670166,,,3.701487646214425
s1372_n416,416,0.800548076923077,-28.026148539124883,4.815024375915528,,,3.5428983009317894
s1373_n484,484,0.7952466942148758,2.7580736124912972,10.903489494323729,,,1.9768973460519887
s1374_n513,513,0.7939863547758284,-31.87335249869577,4.0500284194946286,,,3.551922815870422
s1375_n570,570,0.817941403508772,-51.89656502138999,4.629729270935059,,,3.5471196377614107
s1376_n623,623,0.8181932584269663,-49.20723109384993,4.726923942565917,,,3.3540922958175314
s1377_n669,669,0.7934275037369207,235.20789531649075,11.786255073547363,,,3.4010279384135655
s1378_n730,730,0.8009372602739726,-6.7776963730144075,5.828861427307129,,,3.105141873431385
s1379_n776,776,0.8240854381443301,-201.73752005837798,4.0500284194946286,,,3.1307072393653685
s1380_n312,312,0.7988570512820513,2.5468505958899854,8.452143669128418,,,3.229509866440467
s1381_n391,391,0.785919948849105,-15.358413389201758,4.871863365173339,,,3.704311376827816
s1382_n412,412,0.8286720873786408,-100.03701538340864,4.0500284194946286,,,3.367060077092478
s1383_n457,457,0.7837087527352298,51.14671853693623,11.757115364074707,,,3.5668328422404976
s1384_n518,518,0.8077694980694982,-15.558283240451786,5.4856676101684565,,,3.0309460944476525
s1385_n570,570,0.7668261403508773,-14.801017299703286,4.522587776184082,,,3.3908961218942952
s1386_n612,612,0.7774663398692809,-1.4985245515188106,4.0500284194946286,,,1.8090983336530162
s1387_n659,659,0.74915751138088,3.078132233900355,7.801915550231935,,,3.372090756988996
s1388_n715,715,0.8007523076923078,-25.880140917961626,5.115247917175293,,,3.849372113458555
s1389_n798,798,0.7682842105263157,-6.482782540619394,4.0500284194946286,,,2.4925877576545594
s1390_n315,315,0.7707876190476189,-5.125756984689421,5.300940895080566,,,3.0425059558538288
s1391_n357,357,0.785370588235294,-13.085773230492094,5.060227775573729,,,4.015238873931234
s1392_n440,440,0.8094236363636365,-20.95901249943266,5.1043916702270495,,,3.8435064938443175
s1393_n463,463,0.8189455723542116,-91.8646271717982,4.0500284194946286,,,3.3645581174520376
s1394_n509,509,0.752967583497053,-35.77510352655982,4.059577369689941,,,3.4153256143219024
s1395_n553,553,0.7777556962025316,-0.4996453124586552,5.275022315979004,,,1.9063448330731343
s1396_n609,609,0.8107093596059113,-23.047298917441907,5.1283777236938475,,,3.48432280139045
s1397_n684,684,0.7853312865497076,-54.332718661257594,4.300631523132325,,,3.473071209634207
s1398_n729,729,0.8018980795610425,-48.145493934600566,4.644564247131348,,,3.579078058271206
s1399_n750,750,0.8234653333333333,-207.27791845419662,4.0500284194946286,,,3.065273185023346
s1400_n342,342,0.8033616959064328,-25.617527848449676,4.708564949035644,,,3.898358272920529
s1401_n394,394,0.7985992385786802,-2.487321123148874,6.421748924255371,,,3.461431592559976
s1402_n442,442,0.7845212669683258,9.065051040415298,9.79714756011963,,,3.6878436538024886
s1403_n468,468,0.8100448717948718,-24.734161086263768,4.994408226013182,,,3.6674912234069295
s1404_n526,526,0.8071203422053231,-30.371219207698104,4.832985496520995,,,3.567388780840033
s1405_n556,556,0.7957014388489209,-27.194379107315697,5.017712211608886,,,3.210652491656981
s1406_n642,642,0.7953993769470405,-1.3000476533329532,6.444029808044433,,,3.6347938489978873
s1407_n698,698,0.7771085959885388,-118.6648080729201,4.0500284194946286,,,3.5286555083075863
s1408_n739,739,0.8346278755074426,-258.75868801005794,4.0500284194946286,,,3.1067024903945875
s1409_n758,758,0.7972964379947229,3.591584888244011,8.947647666931154,,,2.7100471514116364
s1410_n318,318,0.7881877358490565,-2.632015375112964,6.333875846862793,,,3.762568198675698
s1411_n350,350,0.8221854285714286,-44.314064122144785,4.503376197814942,,,3.3971431437767348
s1412_n427,427,0.8041817330210773,69.53198230610144,10.236241722106932,,,3.34613475828563
s1413_n465,465,0.8135787096774195,-80.18895734448397,4.35218448638916,,,3.13640172631169
s1414_n510,510,0.7983023529411764,-28.81086920303794,5.109393501281737,,,3.810365042674578
s1415_n569,569,0.8048101933216169,-50.33057697226786,4.369179344177247,,,3.4983542680155613
s1416_n641,641,0.7710422776911076,-1.496834850485445,4.0500284194946286,,,2.597653853447959
s1417_n692,692,0.7828637283236994,-1.496834850485445,4.0500284194946286,,,2.6314275599427823
s1418_n709,709,0.7886224259520452,-3.203681950036426,6.6921888351440435,,,3.6596583333325454
s1419_n776,776,0.8847119845360827,-421.5415718226009,4.0500284194946286,,,2.56825058265743
s1420_n343,343,0.8092562682215746,-63.1278680213735,4.238904380798339,,,3.636585334925195
s1421_n371,371,0.7589741239892183,2.642307316490214,8.715819358825684,,,3.2028935484115144
s1422_n405,405,0.7908158024691357,12.551381953504709,9.612961387634279,,,3.482328133736089
s1423_n490,490,0.78121,-0.4996453124586552,5.275022315979004,,,1.7573680232385192
s1424_n505,505,0.7982562376237624,-30.994098730677116,4.78768482208252,,,3.7629711776056367
s1425_n576,576,0.8159229166666667,-107.8618847511602,4.278236961364747,,,3.278291429744385
s1426_n604,604,0.7856466887417219,-9.474667257889454,4.160239219665528,,,2.6143183940113373
s1427_n683,683,0.7945888726207907,-82.06005626413764,4.0500284194946286,,,3.789141885878084
s1428_n701,701,0.7738716119828815,-25.054918246966853,4.142903327941894,,,3.373743830718916
s1429_n791,791,0.7638816687737042,49.45979383241215,9.441088676452637,,,3.626806383165282
s1430_n341,341,0.7800753665689151,67.63938448409891,11.999967765808105,,,3.094412186377408
s1431_n392,392,0.7987665816326531,-21.102188673624838,4.9656476974487305,,,3.604064917745807
s1432_n435,435,0.7639914942528737,-16.086003476501112,4.625068473815918,,,3.260235065237844
s1433_n467,467,0.7870436830835118,-7.513583515353886,4.500988960266113,,,3.163923047770509
s1434_n534,534,0.801731086142322,-66.03537494137612,4.432156944274904,,,3.6635607917250703
s1435_n593,593,0.7692715008431703,-13.304071910440095,4.428689765930176,,,2.8259154962136
s1436_n620,620,0.8043803225806453,-40.14266904364739,4.741417884826659,,,3.5815079908367293
s1437_n673,673,0.8456927191679049,-296.71895280573426,4.0500284194946286,,,2.960457312741972
s1438_n739,739,0.7951905277401895,12.680453463390236,9.000511741638185,,,2.999407074758677
s1439_n766,766,0.8023096605744126,-57.46475363510089,4.635015296936035,,,3.6425875264830627
s1440_n303,303,0.7962917491749175,-3.743938746735509,6.096004676818846,,,3.62288383024546
s1441_n381,381,0.8084052493438321,-35.04829159090327,4.562829780578614,,,3.253254623117714
s1442_n407,407,0.7900054054054054,-14.681951858409988,5.170609092712401,,,4.02291111636054
s1443_n461,461,0.8067347071583514,-0.7618162570707625,6.716913795471191,,,3.0406399734831737
s1444_n549,549,0.8071071038251365,52.41858313816105,9.71791591644287,,,3.5335268683223564
s1445_n591,591,0.7977199661590524,-50.32112711133859,4.439318656921387,,,3.6718137101343715
s1446_n611,611,0.7829880523731588,-6.721250261115395,4.112949180603027,,,3.35367459152234
s1447_n664,664,0.7547594879518073,3.5065354255855525,8.828896903991701,,,2.4124283380437195
s1448_n715,715,0.771669090909091,-86.40983283238869,4.0500284194946286,,,3.5002381415213266
s1449_n772,772,0.7968796632124352,9.940445747899233,8.55677585601807,,,3.6900952790131454
s1450_n349,349,0.797532664756447,-18.94102614137578,4.853731727600096,,,3.6277767360023945
s1451_n395,395,0.8210855696202531,-78.55444498886092,4.0500284194946286,,,3.2877612005489647
s1452_n410,410,0.8017885365853659,11.629969475882419,9.118102073669434,,,3.628390943917817
s1453_n482,482,0.8134450207468881,-24.25066751559862,4.926087760925292,,,3.7138412549887683
s1454_n538,538,0.7728421933085501,-69.47586024748867,4.0500284194946286,,,3.447960330129526
s1455_n568,568,0.8167774647887325,-105.9634360125912,4.0500284194946286,,,3.5357807988007854
s1456_n621,621,0.7540161030595813,0.5826296892652856,7.125756645202637,,,3.197828140632596
s1457_n688,688,0.8216039244186046,-220.41230207871502,4.0500284194946286,,,3.3399962577139046
s1458_n706,706,0.8251090651558073,-197.92873252947072,4.0500284194946286,,,3.451047494998644
s1459_n764,764,0.8104575916230365,-47.98503650974294,4.796096992492676,,,3.717699353099578
s1460_n349,349,0.7912249283667623,-8.644090308466204,5.643111610412597,,,4.004599574247693
s1461_n378,378,0.8049089947089948,-46.153100375809416,4.480981636047363,,,3.637364499893736
s1462_n433,433,0.806713856812933,-21.813071274253858,5.205678749084471,,,3.865116935683667
s1463_n477,477,0.7834054507337525,-0.4996453124586552,5.275022315979004,,,1.795859320331058
s1464_n547,547,0.8131411334552102,-89.37457124119277,4.0500284194946286,,,3.3183633857952795
s1465_n550,550,0.7738614545454545,-4.934675152163141,5.655900382995605,,,2.653127263599287
s1466_n602,602,0.777321096345515,-26.175631678069287,5.230290031433104,,,3.383162294913738
s1467_n665,665,0.7848461654135338,-31.437872573947743,4.0500284194946286,,,3.226290518925678
s1468_n722,722,0.7575114958448752,-47.47469887991111,4.0500284194946286,,,3.274780857951291
s1469_n799,799,0.8062413016270338,-161.08910114689766,4.0500284194946286,,,3.6989366085607167
s1470_n303,303,0.796509900990099,19.61082177372304,9.616120338439941,,,3.056459800769134
s1471_n354,354,0.7873062146892656,15.564070969664712,9.530570793151856,,,3.057440818102354
s1472_n442,442,0.7603567873303166,-17.500381903708558,4.140288734436035,,,3.47443626318401
s1473_n497,497,0.8098668008048289,-25.092479189217705,4.860154533386231,,,3.6005248205644764
s1474_n542,542,0.7914529520295204,17.752857631257925,9.357150840759278,,,3.4196307395004744
s1475_n550,550,0.8216832727272727,-187.5614653496367,4.0500284194946286,,,3.489899499933712
s1476_n649,649,0.7833058551617874,-29.538209680523185,4.0500284194946286,,,2.6985062383292298
s1477_n658,658,0.7904369300911855,-49.16145034575276,4.0500284194946286,,,3.3094162211259768
s1478_n723,723,0.7805582295988934,-2.5473115300531406,4.541174125671388,,,3.003028575756621
s1479_n788,788,0.7576752538071065,-8.379256600775584,5.216080284118651,,,3.4146070282863445
s1480_n340,340,0.7959761764705882,-9.005533048287099,5.167823982238767,,,3.801061765938984
s1481_n380,380,0.794725,-2.46955175179275,6.431979942321777,,,3.6760906993833604
s1482_n426,426,0.8285931924882629,-94.99217243382326,4.145574760437011,,,3.456572658380684
s1483_n489,489,0.8250429447852762,-119.74716727866235,4.0500284194946286,,,3.4040089766676336
s1484_n536,536,0.8512708955223881,-216.84706075320304,4.0500284194946286,,,2.8376090926409354
s1485_n569,569,0.8166226713532514,-40.36282947284252,4.729765892028809,,,3.4357115010624284
s1486_n649,649,0.814248844375963,-56.10736941017363,4.743009376525879,,,3.4228563600654365
s1487_n686,686,0.7941413994169095,-15.469649519831421,4.232652091979981,,,3.06958818510372
s1488_n707,707,0.7641763790664781,-79.58581909533655,4.0500284194946286,,,3.6244129828285025
s1489_n757,757,0.7634128137384413,16.3324363007575,8.874604988098145,,,3.4797219911316204
s1490_n329,329,0.7886668693009119,-17.00784348079465,4.778874778747559,,,3.9149588301608875
s1491_n371,371,0.7946619946091643,-23.45648458361236,4.0500284194946286,,,3.6099880683083816
s1492_n428,428,0.792333644859813,-4.5084575826509266,4.0500284194946286,,,2.828683968786864
s1493_n485,485,0.8082659793814433,-51.907422159192095,4.639107704162597,,,3.4798658506767843
s1494_n549,549,0.7909269581056466,0.6300575225532157,7.323726844787598,,,3.6359901054995745
s1495_n550,550,0.8431856363636364,-209.7167325085643,4.0500284194946286,,,3.0543484965873655
s1496_n604,604,0.8141645695364239,-8.131867100431819,5.672895240783691,,,3.227691600378307
s1497_n662,662,0.8027723564954683,-3.089337763875932,6.164268302917479,,,3.374074869745608
s1498_n742,742,0.777987331536388,-6.484472241652759,4.0500284194946286,,,1.724081740648295
s1499_n761,761,0.823739159001314,-113.13332883000075,4.221795845031737,,,3.464208723589154
s1500_n346,346,0.7890234104046242,-4.343997314523918,5.582634925842284,,,3.4455385541903274
s1501_n388,388,0.7893056701030928,-11.192611328450187,4.956382942199705,,,3.5823850082205277
s1502_n432,432,0.7976680555555555,-20.897635399819812,5.1816926956176745,,,3.650295107012745
s1503_n454,454,0.7936387665198238,-5.0343302714102265,5.880812263488769,,,4.054208068476094
s1504_n519,519,0.81655183044316,-133.92272699469686,4.0500284194946286,,,3.2560227520576315
s1505_n591,591,0.7520355329949238,0.5031264087053962,7.352373695373536,,,2.759279812112684
s1506_n643,643,0.7494696734059096,-0.003512674916075653,6.99809627532959,,,2.410449319929592
s1507_n651,651,0.7950689708141322,41.88185035662539,9.515098381042481,,,3.807641514784979
s1508_n746,746,0.7494899463806971,31.24511804802549,10.653738975524902,,,3.256827769715822
s1509_n750,750,0.7742824,39.18749591643754,8.97620716094971,,,3.466603689945334
s1510_n302,302,0.813869867549669,-61.86077520795436,4.253284645080567,,,3.457776637893142
s1511_n383,383,0.7596720626631854,6.876898530468257,9.442313575744631,,,4.0210177705169015
s1512_n423,423,0.7949652482269504,6.574026768853969,8.808782768249515,,,3.0992685567383487
s1513_n496,496,0.8004653225806452,-16.187782609865934,5.13451633453369,,,3.468930048389462
s1514_n520,520,0.7694936538461539,7.138922406535542,8.683971977233888,,,4.107095539739445
s1515_n577,577,0.8336672443674178,-198.53215666991088,4.0500284194946286,,,3.1033083692723418
s1516_n644,644,0.8055402173913044,39.72112284173763,10.919219779968262,,,3.6480609723972375
s1517_n696,696,0.7701337643678161,-72.56073576046661,4.0500284194946286,,,3.33298920306659
s1518_n710,710,0.8046432394366199,-179.67276206191104,4.0500284194946286,,,3.2841621739031184
s1519_n791,791,0.794422376738306,29.358803946120773,11.04854335784912,,,3.5671588795211058
s1520_n327,327,0.7826204892966361,-24.16804301907581,4.2763044357299815,,,3.8620810035592106
s1521_n383,383,0.7826501305483029,-7.4171574039087105,5.249274253845214,,,3.962333568226684
s1522_n425,425,0.8093971764705883,-42.37365012343977,4.71879596710205,,,3.387240956216418
s1523_n472,472,0.7970896186440679,3.38348043297232,9.789862632751461,,,3.2876656585688027
s1524_n511,511,0.779824266144814,-24.450609999894947,4.0500284194946286,,,2.871371212836487
s1525_n577,577,0.8444599653379551,-198.86212979812697,4.0500284194946286,,,3.1642081588576745
s1526_n616,616,0.7925847402597404,-9.386027851539659,4.652862739562988,,,3.416237577443391
s1527_n663,663,0.7918826546003016,53.67090115016241,11.404731178283694,,,3.3663453088597866
s1528_n705,705,0.8258733333333335,-0.4996453124586552,5.275022315979004,,,2.019034797729277
s1529_n777,777,0.8155894465894465,-116.65432219796618,4.371566581726075,,,3.7071649024770243
s1530_n335,335,0.7900683582089553,-1.3367771678652005,6.100381278991698,,,3.635694775846805
s1531_n381,381,0.7986401574803148,-0.6018034056333719,5.1849893569946275,,,2.4278108071030644
s1532_n415,415,0.8021703614457832,-20.363995983423052,4.949960136413574,,,3.591897438118204
s1533_n462,462,0.8057108225108224,-70.97459674181181,4.0500284194946286,,,3.7631836566978847
s1534_n543,543,0.791450276243094,-31.499344685217395,4.852992820739746,,,3.344795284242189
s1535_n556,556,0.8033956834532374,-62.13877768813303,4.577721595764161,,,3.148412937062468
s1536_n629,629,0.8185243243243243,-140.11341321368786,4.0500284194946286,,,3.4866610798448936
s1537_n662,662,0.7976348942598188,-31.095845815922004,4.9805395126342775,,,3.1917395828593365
s1538_n725,725,0.766684,257.30315595147835,11.999967765808105,,,2.706434815916891
s1539_n754,754,0.8296007957559681,-217.42747774782094,4.0500284194946286,,,3.4026810537988603
s1540_n314,314,0.805493949044586,-41.87159707867237,4.576357460021973,,,3.8494188364681645
s1541_n386,386,0.8103373056994819,-56.08956641371071,4.063726615905763,,,3.8377367266640396
s1542_n449,449,0.7855265033407574,-12.605729820959752,5.452359962463378,,,3.4777039911860723
s1543_n492,492,0.7718107723577237,18.060900280233653,8.83579502105713,,,3.877492766476521
s1544_n547,547,0.8058597806215722,-4.504702350815464,5.733769798278809,,,3.479365108209403
s1545_n591,591,0.754934179357022,-9.961948248428449,5.108995628356933,,,3.192024679633038
s1546_n646,646,0.8320625386996905,-189.8859790256662,4.0500284194946286,,,3.064483892248898
s1547_n676,676,0.8042571005917158,-0.4996453124586552,5.275022315979004,,,1.5888007266818038
s1548_n709,709,0.7842042313117067,-38.465246416232574,4.0500284194946286,,,3.04960181893426
s1549_n757,757,0.8036825627476882,-129.5311924895479,4.258684349060059,,,3.4747849154351784
s1550_n344,344,0.8060436046511628,-26.302408509238944,4.686795616149902,,,3.4664029802244976
s1551_n367,367,0.7970337874659401,-5.457107382619228,6.0384836196899405,,,3.640671721733535
s1552_n406,406,0.7831669950738915,-13.313620743866025,5.01657543182373,,,3.8467295019330536
s1553_n485,485,0.7585418556701031,-2.256384588825448,5.751105690002441,,,2.410036649067496
s1554_n541,541,0.7643118299445472,-0.2302086812172579,6.819053459167479,,,3.117847359924374
s1555_n562,562,0.8017110320284697,5.5518631352874195,8.723748970031735,,,3.5425564696087464
s1556_n601,601,0.8075841930116473,-9.144857500800697,5.9228731155395495,,,3.2989768831348045
s1557_n667,667,0.8079157421289356,-108.17630756825162,4.102149772644043,,,3.7592990284706476
s1558_n726,726,0.801732782369146,-55.76456956425855,4.763869285583495,,,3.5332258258515714
s1559_n756,756,0.7995112433862435,-35.361298360851634,4.783649253845215,,,3.2701907799092154
s1560_n332,332,0.783492168674699,-7.137575885405617,5.27820529937744,,,3.991370735473913
s1561_n393,393,0.810163358778626,-22.348898912066076,4.9193239212036115,,,3.2165610120021655
s1562_n422,422,0.7881781990521326,-39.99345702509289,4.591476631164551,,,3.802811043084233
s1563_n480,480,0.8023197916666668,-2.283288874303608,6.15852756500244,,,3.670560655042214
s1564_n529,529,0.8166412098298675,-96.15882051863586,4.0500284194946286,,,3.220073046124229
s1565_n577,577,0.7837632582322357,13.369747930283893,8.827929878234862,,,3.3904203289186916
s1566_n601,601,0.7857400998336106,1.500334687741343,11.999967765808105,,,1.984689908559238
s1567_n691,691,0.7706992764109987,-33.89861049454647,4.79677906036377,,,3.3400844116098902
s1568_n705,705,0.7913329078014184,-0.20412541214591307,5.57001667022705,,,2.2184402060320965
s1569_n774,774,0.8017892764857882,-6.198911382280357,6.112601661682128,,,3.4918969268526845
s1570_n336,336,0.7989270833333334,-14.847284406713776,5.011289405822754,,,3.9809837140683806
s1571_n388,388,0.7802409793814434,-17.686939255061787,5.092228126525878,,,3.8976183471846695
s1572_n443,443,0.8042523702031602,-5.296950159794058,5.6353246688842775,,,3.7265360175766444
s1573_n499,499,0.803986372745491,-22.00180448592441,5.076711082458496,,,3.6686957295809113
s1574_n537,537,0.749342644320298,-18.61538064903067,4.287899589538575,,,3.191339674179519
s1575_n588,588,0.8069319727891157,-113.33474677793482,4.0500284194946286,,,3.317840851071845
s1576_n619,619,0.7998707592891762,-6.031503161054701,6.203828239440917,,,3.501362767680739
s1577_n682,682,0.8367554252199415,-262.39974472841357,4.0500284194946286,,,2.963162681076633
s1578_n728,728,0.8435273351648351,-273.4664804079259,4.0500284194946286,,,2.7619309737871784
s1579_n781,781,0.7994731113956466,-63.10338516743211,4.649622917175294,,,3.079729787940037
s1580_n300,300,0.8026623333333334,-24.61202758492069,4.315580177307129,,,3.5918050244176394
s1581_n370,370,0.7962540540540541,-2.0175799405720127,6.304831123352051,,,3.9702554897344413
s1582_n427,427,0.7826903981264636,-25.17335710616606,4.0500284194946286,,,3.485819926329774
s1583_n482,482,0.7976267634854771,2.2995742896428766,9.396927833557129,,,3.3961570207547624
s1584_n511,511,0.7956637964774951,-14.246780161709879,5.231938362121581,,,3.8705084956504896
s1585_n568,568,0.8005867957746479,-76.29519218467084,4.0500284194946286,,,3.5869619768372907
s1586_n643,643,0.7879844479004665,-0.5016433144566572,5.2745676040649405,,,2.988933557178104
s1587_n682,682,0.7640002932551321,-51.51424822607698,4.0500284194946286,,,3.3792013668112153
s1588_n742,742,0.755609703504043,-9.992303112667827,4.849525642395019,,,3.469972726400654
s1589_n793,793,0.8176934426229509,-79.07224097139547,4.643427467346191,,,3.406143519947056
s1590_n333,333,0.7942225225225225,-8.667897749576461,5.5294904708862305,,,4.070538188305274
s1591_n363,363,0.7969319559228649,-12.076574442048894,5.17583827972412,,,3.72071173255261
s1592_n433,433,0.7906009237875289,-3.965283643500399,5.938049125671387,,,3.5957861392335926
s1593_n488,488,0.8013547131147541,14.68738329491893,8.999995994567872,,,3.624666772419102
s1594_n531,531,0.7946393596986817,-66.12679374132124,4.311885643005372,,,3.765007817957608
s1595_n550,550,0.799212,13.7330074965367,8.92811374664307,,,3.5794381804465085
s1596_n649,649,0.7897756548536209,-13.622438787412236,5.065002250671386,,,3.5883238777681696
s1597_n690,690,0.8031230434782609,-148.90960001674466,4.0500284194946286,,,3.5054863696791934
s1598_n738,738,0.7832444444444444,56.37764657980767,9.598713874816895,,,3.4943535550051936
s1599_n324,324,0.8010916666666669,-24.58554180298991,4.752558326721191,,,3.567266123643573
s1600_n395,395,0.8065032911392406,-31.12445972348656,4.815706443786621,,,3.7380774687017375
s1601_n421,421,0.8008441805225653,-21.210340517102757,4.892382240295409,,,3.872927090909367
s1602_n465,465,0.7805509677419354,-45.21334134090641,4.0500284194946286,,,3.7323050299897833
s1603_n514,514,0.7988245136186771,-42.13336039576258,4.877774620056152,,,3.8848180325881034
s1604_n590,590,0.7931206779661016,52.8209081214556,11.72275371551514,,,3.2136978887161027
s1605_n605,605,0.8276371900826447,-232.93618575824146,4.0500284194946286,,,3.043768723328619
s1606_n678,678,0.7955486725663717,90.54158174205,11.86406841278076,,,2.985593053502651
s1607_n708,708,0.7720158192090395,-2.565796504617424,6.374515724182129,,,3.3279998923928424
s1608_n791,791,0.7903432364096081,-4.375008594506902,5.002934074401855,,,2.324127686090118
s1609_n304,304,0.8008911184210527,18.702237000652403,9.456045341491702,,,3.492075042733228
s1610_n373,373,0.790458981233244,37.57515452402656,9.924601554870605,,,3.2999996413901633
s1611_n408,408,0.7702671568627452,-19.508962407973158,4.0500284194946286,,,3.5104220590093744
s1612_n487,487,0.8023792607802874,4.863228843791205,10.258676719665527,,,3.0262888917974733
s1613_n535,535,0.8077639252336449,-112.01046944661525,4.0500284194946286,,,3.629267762445568
s1614_n596,596,0.7890874161073825,-33.146151024211,4.736131858825684,,,3.9072559492477246
s1615_n618,618,0.8121938511326862,-28.256563579014212,5.0214635848999025,,,3.09579576084268
s1616_n655,655,0.768963358778626,15.1499678352981,8.61370143890381,,,3.612521203600458
s1617_n702,702,0.7805102564102565,-38.726579026149295,5.551316642761231,,,3.4645214145589365
s1618_n771,771,0.8426487678339818,-318.2165494485941,4.0500284194946286,,,2.94663666965253
s1619_n322,322,0.8025875776397515,-22.0407528043618,4.911025428771972,,,3.3166215552641063
s1620_n386,386,0.8004645077720208,-59.0078668695069,4.352923393249512,,,3.8854728464800923
s1621_n403,403,0.7872434243176178,-25.43329076451574,4.124430656433105,,,3.5671339069607297
s1622_n478,478,0.7958387029288704,21.587153485059034,9.536308479309081,,,3.5653139287777886
s1623_n526,526,0.8120505703422053,-134.51294927900994,4.0500284194946286,,,3.1187650372379037
s1624_n597,597,0.7860534338358458,15.513039119520329,11.999967765808105,,,2.251076982953113
s1625_n612,612,0.7797477124183007,16.56860807040149,9.79766330718994,,,3.2936533853545904
s1626_n694,694,0.790949423631124,-17.46404829935385,4.288865852355957,,,2.961520383586381
s1627_n713,713,0.8086789621318372,-47.105420569933656,4.655249977111817,,,3.5321114707363646
s1628_n793,793,0.7758831021437578,-0.5046403174536602,5.2738855361938475,,,1.9124474155513653
s1629_n309,309,0.797385436893204,-5.0963361466918755,5.7372938156127935,,,3.737858401105222
s1630_n372,372,0.791294623655914,-1.7644332854110942,6.500016212463378,,,4.048346423979502
s1631_n404,404,0.8187309405940594,-71.78250412038875,4.0500284194946286,,,3.533042536406129
s1632_n450,450,0.7891293333333333,111.98275680788933,10.397799491882324,,,3.2159251650643474
s1633_n527,527,0.8033502846299809,-26.097949289736462,4.851515007019042,,,3.869310834937831
s1634_n583,583,0.7954121783876501,-0.4996453124586552,5.275022315979004,,,2.0378395802114504
s1635_n639,639,0.7998430359937403,-29.75128201923519,4.980027961730956,,,3.6402261432444316
s1636_n664,664,0.7898022590361444,-0.23989838581069733,5.525000190734862,,,1.779363300846989
s1637_n740,740,0.7864997297297298,-5.389905668077545,4.518381690979004,,,2.2412373404440777
s1638_n788,788,0.7700350253807107,22.515356593533944,9.55010471343994,,,2.7861974259906246
s1639_n332,332,0.8174524096385543,-42.32546888402844,4.643370628356934,,,3.37957865164122
s1640_n379,379,0.7966688654353562,-49.40009728822728,4.0500284194946286,,,3.5745286925352744
s1641_n416,416,0.7958125,-8.55825832561311,5.7220609664917,,,3.4611205720392912
s1642_n495,495,0.8130226262626263,-58.086932738154644,4.527191734313964,,,3.423654460759767
s1643_n541,541,0.7882609981515711,-36.31068188789658,4.164729499816894,,,3.5674602461436784
s1644_n580,580,0.805529827586207,-23.0978191490819,5.059545707702636,,,3.724131627837828
s1645_n626,626,0.7799372204472843,-0.4996453124586552,5.275022315979004,,,1.976826483606055
s1646_n674,674,0.8059927299703264,-31.070384976153605,4.842136573791502,,,3.3462884646766966
s1647_n709,709,0.8614688293370945,-298.7219488312887,4.0500284194946286,,,3.126346579433118
s1648_n764,764,0.7749655759162303,-3.49290362757239,4.0500284194946286,,,2.1875275840477704
s1649_n337,337,0.7997240356083086,-11.02769334847251,5.186865043640136,,,3.5203472969658476
s1650_n396,396,0.7921113636363636,-51.44417017907667,4.0500284194946286,,,3.3141251917693006
s1651_n428,428,0.7925950934579441,-37.419137886640385,4.0500284194946286,,,3.4885658482638435
s1652_n490,490,0.7921616326530613,-6.393237647399388,5.567799949645996,,,3.5206785189509833
s1653_n524,524,0.8015874045801527,-68.29591221341636,4.244247245788575,,,3.7372240241929426
s1654_n554,554,0.7943456678700361,-31.785732607050214,4.894428443908691,,,3.702894112079014
s1655_n617,617,0.8107429497568881,-134.66751538132672,4.056280708312988,,,3.522159786556837
s1656_n674,674,0.8024124629080119,-35.25273973622977,4.817184257507324,,,3.3645189397113784
s1657_n712,712,0.7899202247191012,230.11704592313447,11.203138542175292,,,3.3880796092363976
s1658_n751,751,0.8030097203728362,-116.33794347515298,4.0500284194946286,,,3.18550846387971
s1659_n318,318,0.7917990566037736,-20.82425115295107,4.88925609588623,,,3.6316554586014087
s1660_n360,360,0.7925522222222222,73.51590788833182,10.194788551330568,,,3.3412161437237824
s1661_n406,406,0.7946605911330048,-22.35650031734174,4.384753227233887,,,3.635691792802007
s1662_n471,471,0.7975808917197452,98.39690137771376,10.619119453430176,,,3.519703914652531
s1663_n505,505,0.8088071287128713,-31.00149551561148,5.085521125793456,,,3.3953331008588723
s1664_n569,569,0.7923518453427065,-54.24734629209639,4.428917121887207,,,3.6417137269665245
s1665_n631,631,0.790252614896989,-6.688430921045949,5.922588920593261,,,3.605557540984749
s1666_n690,690,0.7590026086956523,-46.12012386002882,4.0500284194946286,,,3.5102226492485604
s1667_n736,736,0.8030120923913044,-64.52768151783523,4.551916694641113,,,3.149495584998484
s1668_n751,751,0.7684667110519307,-0.4996453124586552,5.275022315979004,,,2.431855365840711
s1669_n340,340,0.8062073529411765,-24.042590024405904,4.8259374618530275,,,3.694472246861824
s1670_n367,367,0.7704741144414168,-27.18619870668088,4.0500284194946286,,,3.1990970361191677
s1671_n420,420,0.8109540476190475,2.190219789412126,8.027297019958496,,,3.6958551143167795
s1672_n483,483,0.7685501035196687,-13.142608924709453,4.436363029479981,,,3.387049576874115
s1673_n511,511,0.7984776908023484,-19.09848148330093,5.329303550720215,,,3.5715541943430242
s1674_n597,597,0.7673475711892797,-3.608571239491056,5.3830163955688475,,,3.156272849869853
s1675_n623,623,0.7918900481540933,-103.46322055744281,4.0500284194946286,,,3.762788278671784
s1676_n663,663,0.7440562594268477,-3.480379613487191,4.95837230682373,,,3.3623670377711505
s1677_n711,711,0.7992272855133615,-71.41765390560407,4.0500284194946286,,,3.1720868411156005
s1678_n792,792,0.7835425505050504,-1.496834850485445,4.0500284194946286,,,2.2473020087947284
s1679_n336,336,0.8019705357142856,36.52274966173244,9.953676795959474,,,3.3780587908421933
s1680_n383,383,0.8022443864229765,-19.241840845645335,4.933704185485838,,,3.7892784853052466
s1681_n410,410,0.786580487804878,-25.817919842150793,5.691538429260253,,,3.536122975627515
s1682_n454,454,0.7478506607929515,1.86410919152088,7.7107435226440435,,,3.4273408385902373
s1683_n516,516,0.7876426356589147,-49.439048616319,4.0500284194946286,,,3.6520451295564755
s1684_n582,582,0.8037266323024056,-28.354918509634047,4.610062980651855,,,3.397746292967028
s1685_n605,605,0.7827438016528926,-18.46275885266113,4.558737373352051,,,3.2467449388274776
s1686_n696,696,0.8147979885057473,-73.23494649523761,4.5781763076782225,,,3.2600457949923105
s1687_n743,743,0.7932733512786003,-8.64441664758354,5.85296115875244,,,3.6645689871208607
s1688_n794,794,0.8030232997481108,-21.106432743883545,5.3208345413208,,,3.2215093807239468
s1689_n303,303,0.7989056105610561,-2.066188953116793,6.178080177307128,,,3.4143600051839837
s1690_n398,398,0.7934437185929646,-6.097531145726116,5.616226768493653,,,3.9733706625779854
s1691_n406,406,0.7964891625615763,-4.334532153876246,6.4755754470825195,,,3.7301371399466756
s1692_n464,464,0.7987676724137931,-42.27653705013403,4.424597358703613,,,3.421962367019348
s1693_n514,514,0.7865120622568094,-2.3834105236150798,5.391996955871583,,,3.2472393516616296
s1694_n590,590,0.7753716949152542,-28.530866865468923,4.070945167541503,,,3.4302452899781666
s1695_n639,639,0.7995530516431925,-41.241460507508336,4.824232292175293,,,3.1869288131860825
s1696_n659,659,0.8088723823975722,13.181337927925796,10.834379386901855,,,2.950695374023039
s1697_n746,746,0.809612600536193,-83.3026989476773,4.451027488708497,,,3.7694038790215996
s1698_n771,771,0.8350871595330739,-233.0029514806676,4.0500284194946286,,,2.9872180615447
s1699_n346,346,0.8013760115606937,0.5763256632250773,7.582628440856935,,,3.326769817295484
s1700_n396,396,0.7636204545454545,-30.579630932676125,4.0500284194946286,,,3.558246149382394
s1701_n424,424,0.7970146226415092,-0.23989838581069733,5.525000190734862,,,1.9967372877266554
s1702_n471,471,0.7918089171974523,-15.81250298200758,5.14935131072998,,,3.7448257498036117
s1703_n535,535,0.8101342056074766,-92.81714679469947,4.241746330261231,,,3.5717777373704536
s1704_n557,557,0.8288951526032317,-57.98068730292586,4.627853584289551,,,3.454711881122265
s1705_n613,613,0.7970295269168026,-85.39440049642496,4.0500284194946286,,,3.7783815138647463
s1706_n689,689,0.7619685050798258,-67.81273253388756,4.175642585754394,,,3.469983105028669
s1707_n747,747,0.8169449799196786,-154.1211969628951,4.0500284194946286,,,3.148263754101358
s1708_n764,764,0.8029511780104713,-92.3386073991216,4.393051719665528,,,3.40837666610408
s1709_n328,328,0.7989725609756098,-16.24515820391573,4.961668968200683,,,3.6839057023384494
s1710_n396,396,0.8107391414141415,-46.238884136098996,4.530204200744628,,,3.4989114117950963
s1711_n447,447,0.7983588366890381,-18.613151767824192,5.162140083312986,,,3.7974006940195455
s1712_n470,470,0.8128285106382978,-48.44077968424602,4.0500284194946286,,,2.887444070240478
s1713_n508,508,0.768623622047244,-1.496834850485445,4.0500284194946286,,,2.4518077013390527
s1714_n598,598,0.7906991638795987,-0.8716493238747773,6.677922248840333,,,3.6668725545092133
s1715_n605,605,0.7970866115702478,-32.62010702367597,4.875785255432128,,,3.6532401384152333
s1716_n668,668,0.7383143712574851,-24.924687511246468,4.300347328186036,,,3.2902786703173823
s1717_n744,744,0.7529538978494624,-17.649315488056452,4.517870140075684,,,3.397279814201138
s1718_n756,756,0.7984645502645503,-0.5006443134576561,5.274794960021972,,,2.707644910798212
s1719_n342,342,0.7907707602339181,-10.515444490366512,5.544154930114746,,,3.774369485598937
s1720_n350,350,0.8074891428571428,-43.14314954255225,4.48496036529541,,,3.678555160446627
s1721_n421,421,0.7973232779097387,-7.4916126076491025,5.245750236511229,,,3.1134647069750354
s1722_n494,494,0.8050386639676114,-34.70539069527004,4.882890129089356,,,3.670205009026489
s1723_n520,520,0.7908626923076923,-12.267646597912403,5.266837501525878,,,3.5536599781529654
s1724_n562,562,0.8008238434163701,-19.271851289498883,5.13633518218994,,,3.66810678322975
s1725_n616,616,0.7991113636363637,-40.54042736515545,4.818321037292479,,,3.9269520455618
s1726_n695,695,0.7790559712230216,14.589093559054668,9.46507091522217,,,2.715679979196088
s1727_n732,732,0.8110202185792349,-50.854782501918834,4.763926124572753,,,3.1914276102258743
s1728_n770,770,0.7858698701298701,-52.36155832725059,4.0500284194946286,,,3.3552073812390617
s1729_n338,338,0.7906269230769231,-2.044269958630238,6.213718223571777,,,3.4586565730650634
s1730_n392,392,0.7814979591836735,-50.26911975415975,4.0500284194946286,,,3.605973861529941
s1731_n440,440,0.8217765909090909,-125.03649269276139,4.0500284194946286,,,3.268217118186534
s1732_n464,464,0.7679991379310344,-10.645831787356641,4.0500284194946286,,,3.5834112046797517
s1733_n503,503,0.8016922465208748,-80.84052669913939,4.349228858947755,,,3.5423024534561964
s1734_n576,576,0.7953086805555556,-6.201659034842805,5.635381507873535,,,3.2865308650623226
s1735_n628,628,0.8074406050955415,-59.25365164740856,4.0500284194946286,,,3.062112561239043
s1736_n674,674,0.8044654302670623,-29.87880525258352,5.068753623962402,,,3.6733751134494095
s1737_n701,701,0.7593032810271042,-2.2254331457293706,6.540826606750489,,,2.4821458908280953
s1738_n772,772,0.8093948186528496,-104.06818558293443,4.339282035827638,,,3.6043955318507437
s1739_n347,347,0.7670858789625361,-20.212815087975653,4.0500284194946286,,,3.4080011606107443
s1740_n382,382,0.8086191099476441,-1.234894814546962,6.401400566101075,,,3.628423514006609
s1741_n414,414,0.8021857487922704,-33.14710455239744,4.884708976745605,,,3.5848696744924196
s1742_n485,485,0.8154439175257733,-55.9870147941937,4.653658485412598,,,3.2488962497464104
s1743_n523,523,0.7667776290630975,-42.03529214203798,4.171379661560058,,,3.5231685863190996
s1744_n598,598,0.794454347826087,-24.57889609873176,4.759549522399902,,,3.3415284522618034
s1745_n620,620,0.8197066129032259,-61.35324379539142,4.718341255187987,,,3.066429806381863
s1746_n687,687,0.7893048034934499,25.796198769152966,9.312087440490721,,,3.2138091837080363
s1747_n712,712,0.7911887640449439,-5.641793062826572,4.246463966369629,,,2.605136879442794
s1748_n789,789,0.7686377693282637,-104.61431295002747,4.0500284194946286,,,3.4080518863053166
s1749_n315,315,0.787524126984127,1.5093717128337722,8.85642490386963,,,3.566563680483378
s1750_n384,384,0.749703125,-4.528367455692679,6.077020454406737,,,3.013061212139665
s1751_n402,402,0.7743139303482587,-34.46553131052205,4.0500284194946286,,,3.3774058031063943
s1752_n497,497,0.7946281690140844,-7.247244705097486,5.524488639831542,,,3.5896877680522086
s1753_n543,543,0.7663473296500922,-34.563735760993694,4.266300773620606,,,3.685167626720213
s1754_n587,587,0.8041461669505964,-17.921005590622045,5.256890678405762,,,3.6746545757498073
s1755_n622,622,0.7944622186495177,32.05425316538953,9.53166675567627,,,3.802286208709579
s1756_n669,669,0.7797387144992525,-89.44664320882161,4.0500284194946286,,,3.3335389746819337
s1757_n742,742,0.7939816711590297,0.6299633901459885,8.835472679138185,,,2.4593288552806603
s1758_n786,786,0.8054305343511451,-59.77056198128358,4.612336540222167,,,3.626491676875111
s1759_n317,317,0.8125611987381705,-22.271720783937774,4.865440559387206,,,3.4322504302914667
s1760_n388,388,0.7891144329896908,-18.40145282326317,5.082736015319823,,,3.7652450220675013
s1761_n439,439,0.8018760820045557,3.5832062365651183,8.46162052154541,,,3.581381205756635
s1762_n486,486,0.8170676954732511,-44.1574767219859,4.76244831085205,,,3.0140703563425757
s1763_n522,522,0.8025904214559386,8.611153623531045,8.9974817276001,,,3.4268939807143863
s1764_n570,570,0.7990631578947368,-14.163626156609439,5.303157615661621,,,3.253311959093964
s1765_n616,616,0.7701219155844156,-49.89512969631636,4.56243190765381,,,3.335535533663988
s1766_n664,664,0.7515548192771084,-4.974740502617628,4.52446346282959,,,3.478639186313356
s1767_n718,718,0.8059813370473539,-91.30060724419266,4.3354169845581065,,,3.4221259997883657
s1768_n775,775,0.8116721290322582,-12.054068953064558,5.636745643615721,,,3.2478411708558697
s1769_n330,330,0.7975612121212121,-22.309964152758617,4.755854988098144,,,3.5058158893400466
s1770_n388,388,0.8146556701030927,-60.18988964818138,4.3217756271362315,,,3.5760644195293585
s1771_n412,412,0.8091412621359224,-18.813608047231384,5.173621559143065,,,3.1289768501161115
s1772_n496,496,0.7773112903225805,-48.81316559981933,4.14614315032959,,,3.3929952217915202
s1773_n509,509,0.7935218074656188,-8.46481464592527,4.60085506439209,,,3.493022742585808
s1774_n582,582,0.7814362542955327,-88.3907509148755,4.0500284194946286,,,3.4430491797303504
s1775_n633,633,0.7946650868878357,-48.968777609899206,4.477571296691894,,,3.6910024314117553
s1776_n697,697,0.7994758967001434,-162.1498537397245,4.0500284194946286,,,3.681586497860693
s1777_n740,740,0.8146531081081081,-179.06504310316282,4.0500284194946286,,,3.5789851235330077
s1778_n756,756,0.8002612433862433,-32.61775375510206,5.193515205383299,,,3.3971413104637365
s1779_n347,347,0.8035481268011528,-48.133099199806836,4.250442695617676,,,3.6263235165462766
s1780_n378,378,0.7735693121693121,-14.54408491506019,4.810988807678222,,,3.687164841873123
s1781_n449,449,0.7877792873051225,21.61212059058377,9.55139408111572,,,3.296173650381654
s1782_n491,491,0.8174097759674135,-68.22437202696452,4.438522911071778,,,3.3608083097141828
s1783_n518,518,0.7993527027027028,-18.189257136895932,5.415755653381347,,,3.5096310565818287
s1784_n591,591,0.7642423011844333,-25.62713144470383,4.151429176330566,,,3.4799994981402853
s1785_n623,623,0.7852706260032102,-1.4980203925082385,4.529692649841309,,,2.3829442390199924
s1786_n699,699,0.800119885550787,-16.092769259826426,5.277295875549315,,,3.6549738818778685
s1787_n747,747,0.763721954484605,-26.40575469185159,5.360849189758301,,,3.9524280630489605
s1788_n768,768,0.7660874999999999,-77.60355131636095,4.0500284194946286,,,3.6831431011186155
s1789_n329,329,0.7766568389057751,11.500532226191936,9.184182167053223,,,3.7114917763032103
s1790_n365,365,0.8068578082191782,6.752349651114599,8.806526374816897,,,3.4240057149418854
s1791_n443,443,0.7905171557562076,47.23367518397794,11.913064384460448,,,3.324219599502228
s1792_n479,479,0.8042085594989562,-17.510560744160358,5.250297355651854,,,3.3480617266455055
s1793_n502,502,0.8128878486055776,-13.185208118884717,5.2335298538208,,,3.694296908597899
s1794_n590,590,0.7790471186440677,-1.4348003348739056,5.927647590637206,,,3.0001264749544587
s1795_n607,607,0.7978039538714992,-8.469219690228798,5.318560981750489,,,3.65566987497464
s1796_n657,657,0.8047196347031963,-0.23989838581069733,5.525000190734862,,,1.9587976035564505
s1797_n713,713,0.8204551192145862,-140.27173505392196,4.234641456604003,,,3.352857620693794
s1798_n779,779,0.8012442875481387,5.560421504652567,8.404888343811038,,,3.4976403855427907
s1799_n310,310,0.8048003225806453,-2.32728244986415,6.018078422546386,,,3.220968471349183
s1800_n361,361,0.8122326869806096,-17.26960224755166,5.062160301208496,,,3.335654328013239
s1801_n401,401,0.7892107231920198,-0.4729870475024107,6.252255058288575,,,3.3736636981889587
s1802_n464,464,0.7972036637931035,12.307588898504036,8.61305675506592,,,3.5327477218326466
s1803_n512,512,0.801159765625,-36.20361155611379,4.6112565994262695,,,3.7971056375609518
s1804_n555,555,0.8436704504504505,-155.8765278850415,4.0500284194946286,,,2.942849379238418
s1805_n604,604,0.7838498344370861,-2.1961167954267395,6.600450706481935,,,3.584403733721721
s1806_n685,685,0.815191678832117,-45.37718478343284,4.816786384582519,,,3.1407657459800022
s1807_n715,715,0.8349499300699302,-291.4129198987431,4.0500284194946286,,,3.2728440784351425
s1808_n766,766,0.8277878590078328,-272.8308590584112,4.0500284194946286,,,3.411562881459906
s1809_n334,334,0.8182482035928145,-71.18077195757726,4.0661706924438485,,,3.5563716431101247
s1810_n388,388,0.7983886597938145,-3.892239615703467,6.031776618957519,,,3.924270080521268
s1811_n439,439,0.7968555808656037,-29.018605506274895,4.762846183776855,,,3.929434862724632
s1812_n451,451,0.774429046563193,-37.692871220008506,4.370998191833496,,,3.242688678961225
s1813_n521,521,0.8071930902111324,-31.33267136714828,4.815535926818847,,,3.709456842997809
s1814_n586,586,0.8015298634812287,-49.277760655300455,4.667754554748535,,,3.3984264140880867
s1815_n645,645,0.8080758139534885,-90.7516189913238,4.398678779602051,,,3.4590856729612165
s1816_n655,655,0.7949871755725191,-7.434998627886458,5.22568607330322,,,3.231149945239893
s1817_n721,721,0.7936754507628294,-38.093856468094515,4.863962745666503,,,3.6024981570447876
s1818_n764,764,0.826364005235602,-127.59387474690953,4.267096519470216,,,3.209743229627656
s1819_n345,345,0.8001489855072466,-7.423002664418355,5.327541542053221,,,3.266128984372873
s1820_n379,379,0.8205,-23.399994399622393,4.71493091583252,,,3.6270210015892856
s1821_n439,439,0.7982694760820045,-0.23989838581069733,5.525000190734862,,,2.427620915750243
s1822_n481,481,0.816885446985447,-99.26328887884284,4.0500284194946286,,,3.5918522075817885
s1823_n537,537,0.8052860335195531,5.77971619822091,8.586689186096194,,,3.221279150145946
s1824_n553,553,0.8075650994575047,-85.9633150410862,4.0500284194946286,,,3.513248636662513
s1825_n605,605,0.7831986776859504,-20.35734220631629,5.010891532897949,,,3.078285191341832
s1826_n655,655,0.7908432061068702,-10.66077885638417,5.985680198669433,,,3.7319980255205896
s1827_n720,720,0.7914470833333334,-0.4996453124586552,5.275022315979004,,,1.8632921618965703
s1828_n756,756,0.7865089947089946,-57.20271624398421,4.0500284194946286,,,3.1052423990113067
s1829_n321,321,0.8001545171339565,-13.59909107304371,5.252173042297362,,,3.5977020795175205
s1830_n370,370,0.7999216216216216,-15.750937754781354,4.843102836608886,,,3.570235468143542
s1831_n449,449,0.8271423162583518,-164.91603613392937,4.0500284194946286,,,3.2744535055974797
s1832_n454,454,0.7524440528634361,-2.296511557959099,6.50700740814209,,,2.6061676599485697
s1833_n521,521,0.798936660268714,-0.5145085675028265,5.5840559005737305,,,2.779057188531898
s1834_n578,578,0.7821278546712803,68.17923148807887,9.789024543762206,,,3.3620515615064583
s1835_n609,609,0.7422382594417077,-4.9158200339599745,5.227902793884277,,,3.6036271763605714
s1836_n683,683,0.7859111273792093,-52.1815930635473,4.0500284194946286,,,3.088907438638001
s1837_n700,700,0.7863218571428572,-0.4996453124586552,5.275022315979004,,,1.6515832277416889
s1838_n769,769,0.8109068920676205,-37.36077475523146,5.071709251403808,,,3.04704631233493
s1839_n327,327,0.7842957186544343,-7.063057149574362,5.385062599182128,,,3.946341638081466
s1840_n379,379,0.7864137203166226,-25.217329392149352,4.716579246520996,,,3.7456749525385136
s1841_n431,431,0.7998315545243619,-6.482782540619394,4.0500284194946286,,,2.25354924729196
s1842_n491,491,0.8049448065173116,-27.50632395922409,4.875501060485839,,,3.767962232252797
s1843_n537,537,0.82691843575419,-114.1310479941449,4.180928611755371,,,3.414778919183799
s1844_n563,563,0.8038976909413854,-23.904054071997237,5.073073387145995,,,3.5896683286924693
s1845_n624,624,0.7857677884615385,26.517534849127777,9.511939430236819,,,2.752835230827987
s1846_n677,677,0.8098426883308715,-87.04776914965166,4.475581932067871,,,3.366165110864602
s1847_n708,708,0.79157697740113,-96.80786793312029,4.095101737976075,,,3.4995700314145615
s1848_n781,781,0.7926300896286813,23.680093410836832,9.182957267761232,,,3.206547635409673
s1849_n307,307,0.8067315960912053,-1.247172662053167,6.358259773254394,,,3.2785807246581418
s1850_n365,365,0.8140591780821917,-25.364060757205536,4.77648754119873,,,3.4587489396740394
s1851_n427,427,0.8024908665105387,43.09733899812029,9.706698417663574,,,3.48522824410732
s1852_n469,469,0.8105601279317698,-59.860093808589596,4.3608808517456055,,,3.56181641962339
s1853_n532,532,0.7568340225563911,-7.424599315849104,6.009097862243652,,,3.538278146591363
s1854_n558,558,0.8279295698924731,-125.89473828700201,4.080607795715332,,,3.430227410754715
s1855_n600,600,0.8014898333333333,-16.659018401503047,5.303043937683105,,,3.249932400331427
s1856_n654,654,0.7809792048929665,-78.29616102663775,4.0500284194946286,,,3.4119519355171404
s1857_n715,715,0.7977651748251747,-0.4996453124586552,5.275022315979004,,,1.861549278418209
s1858_n768,768,0.7890305989583334,254.2570273846682,10.779581260681152,,,3.4962680869417633
s1859_n331,331,0.7454117824773414,-2.512103927627045,4.251977348327637,,,2.4356440117999734
s1860_n386,386,0.8396541450777202,-120.92941541001626,4.0500284194946286,,,3.1918864669663174
s1861_n421,421,0.7912327790973871,-36.454314279284965,4.0500284194946286,,,3.20290119667938
s1862_n450,450,0.7759395555555555,-29.434818115707984,4.0500284194946286,,,3.573088781580482
s1863_n517,517,0.7856007736943909,8.551981619076678,9.050990486145018,,,2.8456264634434927
s1864_n597,597,0.7725661641541038,-41.028847138938254,5.204655647277831,,,3.787766419328998
s1865_n607,607,0.7893528830313015,-3.3418977516275135,5.460203742980957,,,2.3516781322721982
s1866_n670,670,0.7986531343283583,-10.022720977437814,5.888883399963378,,,3.3218689180690855
s1867_n730,730,0.7937405479452055,34.44831625016024,9.929243278503417,,,3.112397103346461
s1868_n771,771,0.8130225680933852,-44.18924062343601,4.0500284194946286,,,2.90085427414827
s1869_n335,335,0.820671641791045,-45.22880167590348,4.4427289962768555,,,3.524323167373057
s1870_n352,352,0.8018519886363635,-48.340623830178544,4.136480522155761,,,3.3344226968120907
s1871_n426,426,0.8127199530516431,-47.446969548285956,4.0500284194946286,,,2.5666059389942495
s1872_n470,470,0.7993991489361704,-20.36015214114748,4.9284181594848615,,,3.4806422061792053
s1873_n511,511,0.7971328767123288,-14.974695049937722,5.253252983093262,,,3.333652620142729
s1874_n575,575,0.8174605217391304,-106.95552671655058,4.204175758361816,,,3.6016334525988163
s1875_n640,640,0.75385390625,-3.1429743535733556,5.603267478942871,,,2.2659131722014894
s1876_n682,682,0.7615548387096774,-28.066258898287366,4.560783576965333,,,3.4029667804858423
s1877_n718,718,0.8048208913649025,-11.066462258656287,5.499536323547362,,,3.098892121275874
s1878_n796,796,0.8016154522613065,-0.23989838581069733,5.525000190734862,,,1.7259561616220185
s1879_n333,333,0.7900216216216216,-16.461820613269317,4.500761604309083,,,3.741950403142138
s1880_n394,394,0.8011571065989848,-0.24741698524556455,6.847302436828613,,,3.822379058115021
s1881_n406,406,0.8224022167487686,-35.89993854143066,4.713055229187011,,,3.739611813611552
s1882_n474,474,0.7894497890295358,-16.41041900733478,4.0500284194946286,,,3.306054696068457
s1883_n507,507,0.8031232741617357,-43.22217421383679,4.0500284194946286,,,3.682154342911704
s1884_n556,556,0.8259194244604315,-144.0599345351702,4.0500284194946286,,,3.1686608292596032
s1885_n630,630,0.7824939682539683,116.2045146392509,10.229794883728026,,,3.25257834155374
s1886_n669,669,0.773036173393124,-13.740050376023738,6.188083839416504,,,3.6423817865053705
s1887_n731,731,0.7980868673050615,-96.1853881317721,4.0500284194946286,,,3.103660556664115
s1888_n768,768,0.7998886718749999,-53.82467969243922,4.917107200622558,,,3.70012908476734
s1889_n314,314,0.7931671974522294,-10.999763872773556,5.2563791275024405,,,3.464520447572565
s1890_n378,378,0.7919156084656085,4.046332971657378,8.806075096130371,,,3.895804587127282
s1891_n441,441,0.7909480725623583,-7.425961872577133,5.373751640319825,,,3.28942650012638
s1892_n495,495,0.7848862626262626,-43.16023057406273,4.50161418914795,,,4.009016894174068
s1893_n511,511,0.7960833659491193,81.97756591453586,10.12574291229248,,,3.642148169754138
s1894_n588,588,0.7897027210884353,-13.48823198510358,4.0500284194946286,,,3.1761469013255605
s1895_n617,617,0.8160397082658023,-140.76268651954354,4.0500284194946286,,,3.594772573213974
s1896_n676,676,0.7969591715976332,-31.950871826906166,5.014301872253417,,,3.55890696731404
s1897_n723,723,0.7960318118948824,-26.367924475540804,4.818207359313964,,,3.398245774827162
s1898_n756,756,0.7982054232804232,-0.4996453124586552,5.275022315979004,,,2.3491233814832824
s1899_n328,328,0.7959082317073172,-1.7777283313312395,6.441699409484862,,,3.742970228247176
s1900_n354,354,0.8046909604519773,-4.753449341252811,5.9465181350708,,,3.7818166771421886
s1901_n429,429,0.8063111888111888,-43.93470984893965,4.352866554260253,,,3.64762407044396
s1902_n488,488,0.8003084016393442,8.362192682008683,10.894786262512206,,,3.2514143459796063
s1903_n509,509,0.7891043222003928,-74.4678997074239,4.0500284194946286,,,3.72752822404432
s1904_n594,594,0.7385621212121213,3.2412399022287737,8.078227043151855,,,3.390053465925857
s1905_n607,607,0.7967163097199341,-67.10764382277304,4.480924797058106,,,3.8564233398957573
s1906_n688,688,0.7937466569767442,6.905937292265037,8.661794853210449,,,3.734141843879441
s1907_n734,734,0.7583871934604904,-10.71413526909824,4.743293571472168,,,3.4722980154436485
s1908_n774,774,0.7858651162790699,-61.3887105110101,4.0500284194946286,,,3.4532136317830178
s1909_n302,302,0.8136745033112583,-27.377652893333725,4.671960639953612,,,3.4419153694614737
s1910_n396,396,0.806220202020202,-69.20358516406934,4.0500284194946286,,,3.2760286255640936
s1911_n419,419,0.8033,-1.731112997715769,6.516044807434082,,,3.8064381612935256
s1912_n451,451,0.8076656319290466,-29.75986333976838,5.035218620300292,,,3.772227957903417
s1913_n540,540,0.7892429629629629,17.617743282876283,9.358569145202637,,,2.9826093952383017
s1914_n570,570,0.8131459649122807,247.35335036247642,11.378879356384278,,,3.1729066198955023
s1915_n642,642,0.8000933021806853,-9.184113293534594,5.9052530288696286,,,3.38492761207128
s1916_n677,677,0.7697976366322009,-23.44337646116616,4.608016777038574,,,3.440834870163806
s1917_n726,726,0.7875482093663914,-50.031603148080634,4.744544029235839,,,3.245810700939148
s1918_n312,312,0.8046179487179488,-10.227252325585546,5.228925895690916,,,3.5351838452757103
s1919_n351,351,0.8104874643874643,-31.16642964827684,4.749659538269043,,,3.436033245013764
s1920_n427,427,0.7998449648711944,-32.404607724334525,4.337804222106934,,,3.616430528685071
s1921_n456,456,0.7903686403508772,-31.389364649059445,4.677360343933105,,,3.515795899915232
s1922_n537,537,0.8049268156424582,-5.750686789590404,5.964308738708497,,,3.624807535893406
s1923_n579,579,0.7975006908462868,14.164216854621898,10.813104820251464,,,2.9285074079577655
s1924_n645,645,0.7857982945736435,59.80912846662159,9.883922004699706,,,3.6626149443196456
s1925_n664,664,0.7930875000000002,-41.91048766369953,5.100185585021971,,,3.7344669014975675
s1926_n734,734,0.8063068119891008,-33.16499070573636,5.033968162536621,,,3.203142518658889
s1927_n786,786,0.8183365139949109,-207.98051560388362,4.0500284194946286,,,3.4894881326467817
s1928_n302,302,0.7900920529801324,-4.893185857487282,6.343083763122559,,,4.029640748945702
s1929_n378,378,0.7881044973544974,-5.000068821871494,6.257882118225097,,,3.6198439302229315
s1930_n446,446,0.7968076233183857,-50.10373991373781,4.545664405822754,,,3.576487402207648
s1931_n476,476,0.8054304621848739,-78.17508313698414,4.428291893005372,,,3.6394045861031072
s1932_n518,518,0.8134413127413126,-98.97873697370791,4.0500284194946286,,,3.336373580344034
s1933_n558,558,0.7991627240143369,-35.090785599814,4.780182075500488,,,3.6507467232785435
s1934_n648,648,0.7856716049382717,90.30971726794758,11.961673545837403,,,3.2052741600134147
s1935_n658,658,0.792937386018237,-22.5029605997541,4.0500284194946286,,,2.811240635951154
s1936_n728,728,0.8099883241758242,-33.27104527867633,4.6921384811401365,,,3.422334081269462
s1937_n794,794,0.7844716624685139,-2.4876010044906067,4.651214408874512,,,1.9194221176248805
s1938_n344,344,0.791603488372093,2.488731955375865,9.188694953918457,,,2.2875205225113
s1939_n362,362,0.7670875690607735,-10.752127394918936,5.166971397399901,,,3.592558830057905
s1940_n408,408,0.7966838235294118,-15.620595843340212,5.148726081848143,,,3.980604049912504
s1941_n453,453,0.7904783664459162,7.493663160462177,9.003799629211429,,,3.6198196393335285
s1942_n511,511,0.7884536203522504,3.479238302171373,8.934882926940919,,,2.758849788082757
s1943_n588,588,0.8062646258503402,-22.596576128320436,5.086373710632324,,,3.683951252354429
s1944_n618,618,0.8050470873786408,-80.29198558513512,4.0500284194946286,,,3.4293409151049086
s1945_n683,683,0.7881898975109808,0.4963486836453399,8.188210105895994,,,1.9099147154304275
s1946_n724,724,0.7502104972375689,-51.66543381404078,4.0500284194946286,,,3.439195122819844
s1947_n767,767,0.803951629726206,-0.20412541214591307,5.57001667022705,,,2.6158397723749425
s1948_n342,342,0.796188888888889,97.58416706424109,10.520611763000488,,,3.2467373672865425
s1949_n375,375,0.8032013333333334,-5.4184217131931405,5.426611900329589,,,3.4255961729491804
s1950_n446,446,0.793427130044843,-7.214310647532628,6.2677721023559565,,,3.8274478361760624
s1951_n466,466,0.8035272532188841,-27.274945939444365,4.84844570159912,,,3.508364518569397
s1952_n505,505,0.8320964356435644,-155.8855409945632,4.0500284194946286,,,3.5091406773796323
s1953_n595,595,0.7720238655462185,10.429460910706084,9.167678260803225,,,3.630588903760809
s1954_n603,603,0.7530615257048092,1.5774440850229694,8.891431236267092,,,2.392663043441836
s1955_n669,669,0.7937965620328848,-9.264953901807331,5.455031394958495,,,3.5043137627913796
s1956_n716,716,0.7659628491620112,-21.733535075296174,4.0500284194946286,,,3.2837585547080606
s1957_n751,751,0.8238890812250333,-225.55001279578605,4.0500284194946286,,,3.324467758289164
s1958_n302,302,0.7907086092715233,1.1239598703157299,7.931625938415528,,,3.7433680264363702
s1959_n365,365,0.7832271232876711,-9.6914344352031,5.423087882995604,,,4.0604691644090165
s1960_n437,437,0.813503890160183,-5.224160412107011,5.674884605407715,,,3.3500536261506966
s1961_n480,480,0.7459347916666665,8.179702885257853,8.593458366394042,,,3.708105902684377
s1962_n514,514,0.7621680933852141,1.1458884356808383,7.235853767395021,,,3.464755130546106
s1963_n558,558,0.7999159498207885,4.57892985406238,8.680232810974118,,,3.0986154357485045
s1964_n634,634,0.7944301261829654,-44.30292610157273,4.255558204650879,,,3.4482950872591025
s1965_n682,682,0.8091859237536658,-100.09504448011681,4.381229209899902,,,3.2816888745332107
s1966_n733,733,0.797931514324693,-17.578288939758757,4.507411766052246,,,3.1520228235468344
s1967_n751,751,0.7879455392809587,-9.349049195443655,5.445255088806152,,,3.4044220261563702
s1968_n333,333,0.7969633633633632,-16.890081418949137,4.801212501525879,,,3.497885710566248
s1969_n358,358,0.7961254189944134,-14.245075253273768,5.387108802795409,,,3.6432528471812327
s1970_n429,429,0.7949657342657342,6.585142477808617,8.792665672302245,,,3.2848701764649575
s1971_n461,461,0.7837379609544467,-0.5114098043649822,5.710863685607911,,,2.2814730678823816
s1972_n517,517,0.7953864603481624,-6.947895943565513,5.801408195495605,,,3.9306844805977486
s1973_n589,589,0.8126826825127336,-80.33603168347352,4.315011787414551,,,3.703039377075381
s1974_n638,638,0.7875565830721004,-5.521218877881308,4.265618705749512,,,2.866415756580301
s1975_n669,669,0.8010246636771302,-18.16727333224074,5.295711708068848,,,3.2394951360077737
s1976_n720,720,0.7707326388888889,-34.48771596591833,4.731868934631348,,,3.417582720122373
s1977_n782,782,0.8022242966751919,-32.158207689692105,4.722661018371581,,,3.622750196687338
s1978_n310,310,0.7939483870967743,-14.129783466128785,4.901533317565917,,,3.660660443473159
s1979_n359,359,0.7945473537604457,-7.805246413909991,5.517270088195799,,,3.6309049455767077
s1980_n408,408,0.8065568627450981,-57.82193327788502,4.249646949768067,,,3.811960555991211
s1981_n487,487,0.7997018480492812,-9.258098105042336,5.368863487243652,,,3.38962677855542
s1982_n500,500,0.7971469999999999,-34.74675450814951,4.721069526672363,,,4.0039049762086325
s1983_n560,560,0.8439671428571429,-215.64497559354302,4.0500284194946286,,,3.0443814107980716
s1984_n609,609,0.8088029556650246,-23.107558282337692,4.955871391296386,,,3.7813916611779974
s1985_n683,683,0.8000868228404099,-29.346031638832244,5.059034156799315,,,3.497661057425874
s1986_n728,728,0.8326936813186814,-204.19630960691154,4.0500284194946286,,,3.3036588119529884
s1987_n785,785,0.7961970700636942,-41.9750938597131,4.791663551330567,,,3.8108160996272127
s1988_n301,301,0.795487707641196,-2.6730340530658694,6.321143913269044,,,3.3345715018899584
s1989_n355,355,0.7878749295774649,-3.225585095834486,6.384405708312988,,,3.23700971942537
s1990_n445,445,0.7505930337078651,-4.701850823053311,4.684806251525878,,,2.9708316372289696
s1991_n493,493,0.7965344827586207,-21.741343005046687,5.0787572860717765,,,4.001844403660929
s1992_n532,532,0.8000336466165413,-18.197973949549493,5.135084724426269,,,3.6462594093893057
s1993_n562,562,0.798999644128114,-12.367761925573546,5.660106468200683,,,3.484614153388587
s1994_n611,611,0.8096286415711949,-117.80150703662842,4.07492389678955,,,3.6376326478145455
s1995_n692,692,0.7974143063583815,-22.214372502629857,5.05425968170166,,,3.613122884833463
s1996_n714,714,0.798819887955182,53.86304518683825,9.739835166931151,,,3.4942023505256334
s1997_n753,753,0.8556444887118195,-324.5642638478618,4.0500284194946286,,,2.984991156618272
s1998_n320,320,0.808393125,-4.4338107623730565,5.645953559875489,,,3.4864237489874776
s1999_n389,389,0.7922609254498715,10.01869889834029,11.24665470123291,,,3.310192958241517
